conv1_pruning,conv2_pruning,conv3_pruning,conv4_pruning,conv5_pruning,conv1_bits,conv2_bits,conv3_bits,conv4_bits,conv5_bits,conv1_bram,conv2_bram,conv3_bram,conv4_bram,conv5_bram,brams,accuracy
18,36,72,72,135,6,6,6,6,6,3.5,6.5,12.5,12.5,23.0,58.0,0.6701030927835051
18,36,72,72,132,6,6,6,6,6,3.5,6.5,12.5,12.5,22.5,57.5,0.6725288053365677
18,36,72,72,135,6,6,6,6,8,3.5,6.5,12.5,12.5,30.5,65.5,0.6725288053365677
18,36,72,72,126,6,6,6,6,8,3.5,6.5,12.5,12.5,28.5,63.5,0.645239539114615
18,36,72,69,135,6,6,6,6,6,3.5,6.5,12.5,12.0,23.0,57.5,0.6682838083687083
18,36,72,69,132,6,6,6,6,6,3.5,6.5,12.5,12.0,22.5,57.0,0.6646452395391146
18,36,72,69,135,6,6,6,6,8,3.5,6.5,12.5,12.0,30.5,65.0,0.6694966646452395
18,36,72,69,126,6,6,6,6,8,3.5,6.5,12.5,12.0,28.5,63.0,0.6385688295936931
18,36,72,72,135,6,6,6,8,6,3.5,6.5,12.5,16.5,23.0,62.0,0.6737416616130989
18,36,72,72,132,6,6,6,8,6,3.5,6.5,12.5,16.5,22.5,61.5,0.6749545178896301
18,36,72,72,135,6,6,6,8,8,3.5,6.5,12.5,16.5,30.5,69.5,0.6719223771983021
18,36,72,72,126,6,6,6,8,8,3.5,6.5,12.5,16.5,28.5,67.5,0.6470588235294118
18,36,72,63,135,6,6,6,8,6,3.5,6.5,12.5,14.5,23.0,60.0,0.5906610066707095
18,36,72,63,132,6,6,6,8,6,3.5,6.5,12.5,14.5,22.5,59.5,0.5833838690115222
18,36,72,63,135,6,6,6,8,8,3.5,6.5,12.5,14.5,30.5,67.5,0.5888417222559127
18,36,72,63,126,6,6,6,8,8,3.5,6.5,12.5,14.5,28.5,65.5,0.5876288659793815
18,36,69,72,135,6,6,6,6,6,3.5,6.5,12.0,12.5,23.0,57.5,0.6597938144329897
18,36,69,72,132,6,6,6,6,6,3.5,6.5,12.0,12.5,22.5,57.0,0.6506973923590055
18,36,69,72,135,6,6,6,6,8,3.5,6.5,12.0,12.5,30.5,65.0,0.6579745300181928
18,36,69,72,126,6,6,6,6,8,3.5,6.5,12.0,12.5,28.5,63.0,0.6349302607640994
18,36,69,69,135,6,6,6,6,6,3.5,6.5,12.0,12.0,23.0,57.0,0.6725288053365677
18,36,69,69,132,6,6,6,6,6,3.5,6.5,12.0,12.0,22.5,56.5,0.6652516676773802
18,36,69,69,135,6,6,6,6,8,3.5,6.5,12.0,12.0,30.5,64.5,0.6701030927835051
18,36,69,69,126,6,6,6,6,8,3.5,6.5,12.0,12.0,28.5,62.5,0.6318981200727714
18,36,69,72,135,6,6,6,8,6,3.5,6.5,12.0,16.5,23.0,61.5,0.6555488174651304
18,36,69,72,132,6,6,6,8,6,3.5,6.5,12.0,16.5,22.5,61.0,0.656155245603396
18,36,69,72,135,6,6,6,8,8,3.5,6.5,12.0,16.5,30.5,69.0,0.656155245603396
18,36,69,72,126,6,6,6,8,8,3.5,6.5,12.0,16.5,28.5,67.0,0.6361431170406306
18,36,69,63,135,6,6,6,8,6,3.5,6.5,12.0,14.5,23.0,59.5,0.5961188599151
18,36,69,63,132,6,6,6,8,6,3.5,6.5,12.0,14.5,22.5,59.0,0.5876288659793815
18,36,69,63,135,6,6,6,8,8,3.5,6.5,12.0,14.5,30.5,67.0,0.5961188599151
18,36,69,63,126,6,6,6,8,8,3.5,6.5,12.0,14.5,28.5,65.0,0.5900545785324439
18,36,72,72,135,6,6,8,6,6,3.5,6.5,16.5,12.5,23.0,62.0,0.6737416616130989
18,36,72,72,132,6,6,8,6,6,3.5,6.5,16.5,12.5,22.5,61.5,0.6707095209217707
18,36,72,72,135,6,6,8,6,8,3.5,6.5,16.5,12.5,30.5,69.5,0.6743480897513645
18,36,72,72,126,6,6,8,6,8,3.5,6.5,16.5,12.5,28.5,67.5,0.6500909642207399
18,36,72,69,135,6,6,8,6,6,3.5,6.5,16.5,12.0,23.0,61.5,0.6652516676773802
18,36,72,69,132,6,6,8,6,6,3.5,6.5,16.5,12.0,22.5,61.0,0.6628259551243177
18,36,72,69,135,6,6,8,6,8,3.5,6.5,16.5,12.0,30.5,69.0,0.6694966646452395
18,36,72,69,126,6,6,8,6,8,3.5,6.5,16.5,12.0,28.5,67.0,0.6458459672528806
18,36,72,72,135,6,6,8,8,6,3.5,6.5,16.5,16.5,23.0,66.0,0.6749545178896301
18,36,72,72,132,6,6,8,8,6,3.5,6.5,16.5,16.5,22.5,65.5,0.6755609460278957
18,36,72,72,135,6,6,8,8,8,3.5,6.5,16.5,16.5,30.5,73.5,0.6779866585809582
18,36,72,72,126,6,6,8,8,8,3.5,6.5,16.5,16.5,28.5,71.5,0.6567616737416616
18,36,72,63,135,6,6,8,8,6,3.5,6.5,16.5,14.5,23.0,64.0,0.5955124317768344
18,36,72,63,132,6,6,8,8,6,3.5,6.5,16.5,14.5,22.5,63.5,0.5870224378411159
18,36,72,63,135,6,6,8,8,8,3.5,6.5,16.5,14.5,30.5,71.5,0.5924802910855064
18,36,72,63,126,6,6,8,8,8,3.5,6.5,16.5,14.5,28.5,69.5,0.5882352941176471
18,36,63,72,135,6,6,8,6,6,3.5,6.5,14.5,12.5,23.0,60.0,0.5591267434808975
18,36,63,72,132,6,6,8,6,6,3.5,6.5,14.5,12.5,22.5,59.5,0.5397210430563978
18,36,63,72,135,6,6,8,6,8,3.5,6.5,14.5,12.5,30.5,67.5,0.5548817465130382
18,36,63,72,126,6,6,8,6,8,3.5,6.5,14.5,12.5,28.5,65.5,0.5081867798665858
18,36,63,69,135,6,6,8,6,6,3.5,6.5,14.5,12.0,23.0,59.5,0.5106124924196482
18,36,63,69,132,6,6,8,6,6,3.5,6.5,14.5,12.0,22.5,59.0,0.4851425106124924
18,36,63,69,135,6,6,8,6,8,3.5,6.5,14.5,12.0,30.5,67.0,0.5087932080048514
18,36,63,69,126,6,6,8,6,8,3.5,6.5,14.5,12.0,28.5,65.0,0.45906610066707093
18,36,63,72,135,6,6,8,8,6,3.5,6.5,14.5,16.5,23.0,64.0,0.5591267434808975
18,36,63,72,132,6,6,8,8,6,3.5,6.5,14.5,16.5,22.5,63.5,0.5372953305033353
18,36,63,72,135,6,6,8,8,8,3.5,6.5,14.5,16.5,30.5,71.5,0.5633717404487568
18,36,63,72,126,6,6,8,8,8,3.5,6.5,14.5,16.5,28.5,69.5,0.509399636143117
18,36,63,63,135,6,6,8,8,6,3.5,6.5,14.5,14.5,23.0,62.0,0.45906610066707093
18,36,63,63,132,6,6,8,8,6,3.5,6.5,14.5,14.5,22.5,61.5,0.4323832625833839
18,36,63,63,135,6,6,8,8,8,3.5,6.5,14.5,14.5,30.5,69.5,0.46270466949666467
18,36,63,63,126,6,6,8,8,8,3.5,6.5,14.5,14.5,28.5,67.5,0.42389326864766524
18,33,72,72,135,6,6,6,6,6,3.5,6.0,12.5,12.5,23.0,57.5,0.604002425712553
18,33,72,72,132,6,6,6,6,6,3.5,6.0,12.5,12.5,22.5,57.0,0.5985445724681625
18,33,72,72,135,6,6,6,6,8,3.5,6.0,12.5,12.5,30.5,65.0,0.6070345664038811
18,33,72,72,126,6,6,6,6,8,3.5,6.0,12.5,12.5,28.5,63.0,0.5906610066707095
18,33,72,69,135,6,6,6,6,6,3.5,6.0,12.5,12.0,23.0,57.0,0.6343238326258338
18,33,72,69,132,6,6,6,6,6,3.5,6.0,12.5,12.0,22.5,56.5,0.6270466949666464
18,33,72,69,135,6,6,6,6,8,3.5,6.0,12.5,12.0,30.5,64.5,0.6337174044875682
18,33,72,69,126,6,6,6,6,8,3.5,6.0,12.5,12.0,28.5,62.5,0.6215888417222559
18,33,72,72,135,6,6,6,8,6,3.5,6.0,12.5,16.5,23.0,61.5,0.6033959975742874
18,33,72,72,132,6,6,6,8,6,3.5,6.0,12.5,16.5,22.5,61.0,0.5961188599151
18,33,72,72,135,6,6,6,8,8,3.5,6.0,12.5,16.5,30.5,69.0,0.5997574287446937
18,33,72,72,126,6,6,6,8,8,3.5,6.0,12.5,16.5,28.5,67.0,0.585203153426319
18,33,72,63,135,6,6,6,8,6,3.5,6.0,12.5,14.5,23.0,59.5,0.5845967252880534
18,33,72,63,132,6,6,6,8,6,3.5,6.0,12.5,14.5,22.5,59.0,0.5864160097028502
18,33,72,63,135,6,6,6,8,8,3.5,6.0,12.5,14.5,30.5,67.0,0.5833838690115222
18,33,72,63,126,6,6,6,8,8,3.5,6.0,12.5,14.5,28.5,65.0,0.5967252880533657
18,33,69,72,135,6,6,6,6,6,3.5,6.0,12.0,12.5,23.0,57.0,0.553668890236507
18,33,69,72,132,6,6,6,6,6,3.5,6.0,12.0,12.5,22.5,56.5,0.533050333535476
18,33,69,72,135,6,6,6,6,8,3.5,6.0,12.0,12.5,30.5,64.5,0.5524560339599758
18,33,69,72,126,6,6,6,6,8,3.5,6.0,12.0,12.5,28.5,62.5,0.5166767738023045
18,33,69,69,135,6,6,6,6,6,3.5,6.0,12.0,12.0,23.0,56.5,0.5985445724681625
18,33,69,69,132,6,6,6,6,6,3.5,6.0,12.0,12.0,22.5,56.0,0.5870224378411159
18,33,69,69,135,6,6,6,6,8,3.5,6.0,12.0,12.0,30.5,64.0,0.5961188599151
18,33,69,69,126,6,6,6,6,8,3.5,6.0,12.0,12.0,28.5,62.0,0.5845967252880534
18,33,69,72,135,6,6,6,8,6,3.5,6.0,12.0,16.5,23.0,61.0,0.5488174651303821
18,33,69,72,132,6,6,6,8,6,3.5,6.0,12.0,16.5,22.5,60.5,0.5294117647058824
18,33,69,72,135,6,6,6,8,8,3.5,6.0,12.0,16.5,30.5,68.5,0.5482110369921165
18,33,69,72,126,6,6,6,8,8,3.5,6.0,12.0,16.5,28.5,66.5,0.5148574893875075
18,33,69,63,135,6,6,6,8,6,3.5,6.0,12.0,14.5,23.0,59.0,0.5730745906610066
18,33,69,63,132,6,6,6,8,6,3.5,6.0,12.0,14.5,22.5,58.5,0.5609460278956944
18,33,69,63,135,6,6,6,8,8,3.5,6.0,12.0,14.5,30.5,66.5,0.572468162522741
18,33,69,63,126,6,6,6,8,8,3.5,6.0,12.0,14.5,28.5,64.5,0.56155245603396
18,33,72,72,135,6,6,8,6,6,3.5,6.0,16.5,12.5,23.0,61.5,0.6088538508186779
18,33,72,72,132,6,6,8,6,6,3.5,6.0,16.5,12.5,22.5,61.0,0.6015767131594906
18,33,72,72,135,6,6,8,6,8,3.5,6.0,16.5,12.5,30.5,69.0,0.6112795633717405
18,33,72,72,126,6,6,8,6,8,3.5,6.0,16.5,12.5,28.5,67.0,0.5985445724681625
18,33,72,69,135,6,6,8,6,6,3.5,6.0,16.5,12.0,23.0,61.0,0.6397816858702243
18,33,72,69,132,6,6,8,6,6,3.5,6.0,16.5,12.0,22.5,60.5,0.6416009702850213
18,33,72,69,135,6,6,8,6,8,3.5,6.0,16.5,12.0,30.5,68.5,0.6403881140084899
18,33,72,69,126,6,6,8,6,8,3.5,6.0,16.5,12.0,28.5,66.5,0.624620982413584
18,33,72,72,135,6,6,8,8,6,3.5,6.0,16.5,16.5,23.0,65.5,0.604002425712553
18,33,72,72,132,6,6,8,8,6,3.5,6.0,16.5,16.5,22.5,65.0,0.5924802910855064
18,33,72,72,135,6,6,8,8,8,3.5,6.0,16.5,16.5,30.5,73.0,0.6033959975742874
18,33,72,72,126,6,6,8,8,8,3.5,6.0,16.5,16.5,28.5,71.0,0.5882352941176471
18,33,72,63,135,6,6,8,8,6,3.5,6.0,16.5,14.5,23.0,63.5,0.5876288659793815
18,33,72,63,132,6,6,8,8,6,3.5,6.0,16.5,14.5,22.5,63.0,0.585203153426319
18,33,72,63,135,6,6,8,8,8,3.5,6.0,16.5,14.5,30.5,71.0,0.5924802910855064
18,33,72,63,126,6,6,8,8,8,3.5,6.0,16.5,14.5,28.5,69.0,0.5961188599151
18,33,63,72,135,6,6,8,6,6,3.5,6.0,14.5,12.5,23.0,59.5,0.5324439053972104
18,33,63,72,132,6,6,8,6,6,3.5,6.0,14.5,12.5,22.5,59.0,0.5051546391752577
18,33,63,72,135,6,6,8,6,8,3.5,6.0,14.5,12.5,30.5,67.0,0.5354760460885385
18,33,63,72,126,6,6,8,6,8,3.5,6.0,14.5,12.5,28.5,65.0,0.4893875075803517
18,33,63,69,135,6,6,8,6,6,3.5,6.0,14.5,12.0,23.0,59.0,0.5118253486961795
18,33,63,69,132,6,6,8,6,6,3.5,6.0,14.5,12.0,22.5,58.5,0.469981807155852
18,33,63,69,135,6,6,8,6,8,3.5,6.0,14.5,12.0,30.5,66.5,0.5081867798665858
18,33,63,69,126,6,6,8,6,8,3.5,6.0,14.5,12.0,28.5,64.5,0.4578532443905397
18,33,63,72,135,6,6,8,8,6,3.5,6.0,14.5,16.5,23.0,63.5,0.5360824742268041
18,33,63,72,132,6,6,8,8,6,3.5,6.0,14.5,16.5,22.5,63.0,0.5063674954517889
18,33,63,72,135,6,6,8,8,8,3.5,6.0,14.5,16.5,30.5,71.0,0.537901758641601
18,33,63,72,126,6,6,8,8,8,3.5,6.0,14.5,16.5,28.5,69.0,0.49363250454821106
18,33,63,63,135,6,6,8,8,6,3.5,6.0,14.5,14.5,23.0,61.5,0.46149181322013344
18,33,63,63,132,6,6,8,8,6,3.5,6.0,14.5,14.5,22.5,61.0,0.4184354154032747
18,33,63,63,135,6,6,8,8,8,3.5,6.0,14.5,14.5,30.5,69.0,0.4693753790175864
18,33,63,63,126,6,6,8,8,8,3.5,6.0,14.5,14.5,28.5,67.0,0.4166161309884779
18,36,72,72,135,6,8,6,6,6,3.5,8.5,12.5,12.5,23.0,60.0,0.6761673741661614
18,36,72,72,132,6,8,6,6,6,3.5,8.5,12.5,12.5,22.5,59.5,0.6725288053365677
18,36,72,72,135,6,8,6,6,8,3.5,8.5,12.5,12.5,30.5,67.5,0.6773802304426926
18,36,72,72,126,6,8,6,6,8,3.5,8.5,12.5,12.5,28.5,65.5,0.6537295330503335
18,36,72,69,135,6,8,6,6,6,3.5,8.5,12.5,12.0,23.0,59.5,0.6719223771983021
18,36,72,69,132,6,8,6,6,6,3.5,8.5,12.5,12.0,22.5,59.0,0.6664645239539114
18,36,72,69,135,6,8,6,6,8,3.5,8.5,12.5,12.0,30.5,67.0,0.6682838083687083
18,36,72,69,126,6,8,6,6,8,3.5,8.5,12.5,12.0,28.5,65.0,0.648271679805943
18,36,72,72,135,6,8,6,8,6,3.5,8.5,12.5,16.5,23.0,64.0,0.6761673741661614
18,36,72,72,132,6,8,6,8,6,3.5,8.5,12.5,16.5,22.5,63.5,0.6761673741661614
18,36,72,72,135,6,8,6,8,8,3.5,8.5,12.5,16.5,30.5,71.5,0.6749545178896301
18,36,72,72,126,6,8,6,8,8,3.5,8.5,12.5,16.5,28.5,69.5,0.6464523953911462
18,36,72,63,135,6,8,6,8,6,3.5,8.5,12.5,14.5,23.0,62.0,0.6003638568829593
18,36,72,63,132,6,8,6,8,6,3.5,8.5,12.5,14.5,22.5,61.5,0.5864160097028502
18,36,72,63,135,6,8,6,8,8,3.5,8.5,12.5,14.5,30.5,69.5,0.6015767131594906
18,36,72,63,126,6,8,6,8,8,3.5,8.5,12.5,14.5,28.5,67.5,0.5876288659793815
18,36,69,72,135,6,8,6,6,6,3.5,8.5,12.0,12.5,23.0,59.5,0.6555488174651304
18,36,69,72,132,6,8,6,6,6,3.5,8.5,12.0,12.5,22.5,59.0,0.6422073984232869
18,36,69,72,135,6,8,6,6,8,3.5,8.5,12.0,12.5,30.5,67.0,0.6537295330503335
18,36,69,72,126,6,8,6,6,8,3.5,8.5,12.0,12.5,28.5,65.0,0.624620982413584
18,36,69,69,135,6,8,6,6,6,3.5,8.5,12.0,12.0,23.0,59.0,0.6591873862947241
18,36,69,69,132,6,8,6,6,6,3.5,8.5,12.0,12.0,22.5,58.5,0.6549423893268648
18,36,69,69,135,6,8,6,6,8,3.5,8.5,12.0,12.0,30.5,66.5,0.6622195269860521
18,36,69,69,126,6,8,6,6,8,3.5,8.5,12.0,12.0,28.5,64.5,0.6300788356579745
18,36,69,72,135,6,8,6,8,6,3.5,8.5,12.0,16.5,23.0,63.5,0.6555488174651304
18,36,69,72,132,6,8,6,8,6,3.5,8.5,12.0,16.5,22.5,63.0,0.6464523953911462
18,36,69,72,135,6,8,6,8,8,3.5,8.5,12.0,16.5,30.5,71.0,0.6525166767738023
18,36,69,72,126,6,8,6,8,8,3.5,8.5,12.0,16.5,28.5,69.0,0.6197695573074591
18,36,69,63,135,6,8,6,8,6,3.5,8.5,12.0,14.5,23.0,61.5,0.5894481503941783
18,36,69,63,132,6,8,6,8,6,3.5,8.5,12.0,14.5,22.5,61.0,0.5833838690115222
18,36,69,63,135,6,8,6,8,8,3.5,8.5,12.0,14.5,30.5,69.0,0.5955124317768344
18,36,69,63,126,6,8,6,8,8,3.5,8.5,12.0,14.5,28.5,67.0,0.5858095815645846
18,36,72,72,135,6,8,8,6,6,3.5,8.5,16.5,12.5,23.0,64.0,0.6791995148574894
18,36,72,72,132,6,8,8,6,6,3.5,8.5,16.5,12.5,22.5,63.5,0.6779866585809582
18,36,72,72,135,6,8,8,6,8,3.5,8.5,16.5,12.5,30.5,71.5,0.6810187992722863
18,36,72,72,126,6,8,8,6,8,3.5,8.5,16.5,12.5,28.5,69.5,0.6567616737416616
18,36,72,69,135,6,8,8,6,6,3.5,8.5,16.5,12.0,23.0,63.5,0.6737416616130989
18,36,72,69,132,6,8,8,6,6,3.5,8.5,16.5,12.0,22.5,63.0,0.6688902365069739
18,36,72,69,135,6,8,8,6,8,3.5,8.5,16.5,12.0,30.5,71.0,0.6719223771983021
18,36,72,69,126,6,8,8,6,8,3.5,8.5,16.5,12.0,28.5,69.0,0.6525166767738023
18,36,72,72,135,6,8,8,8,6,3.5,8.5,16.5,16.5,23.0,68.0,0.6816252274105519
18,36,72,72,132,6,8,8,8,6,3.5,8.5,16.5,16.5,22.5,67.5,0.6810187992722863
18,36,72,72,135,6,8,8,8,8,3.5,8.5,16.5,16.5,30.5,75.5,0.6804123711340206
18,36,72,72,126,6,8,8,8,8,3.5,8.5,16.5,16.5,28.5,73.5,0.6567616737416616
18,36,72,63,135,6,8,8,8,6,3.5,8.5,16.5,14.5,23.0,66.0,0.6076409945421467
18,36,72,63,132,6,8,8,8,6,3.5,8.5,16.5,14.5,22.5,65.5,0.5924802910855064
18,36,72,63,135,6,8,8,8,8,3.5,8.5,16.5,14.5,30.5,73.5,0.6106731352334749
18,36,72,63,126,6,8,8,8,8,3.5,8.5,16.5,14.5,28.5,71.5,0.5973317161916313
18,36,63,72,135,6,8,8,6,6,3.5,8.5,14.5,12.5,23.0,62.0,0.564584596725288
18,36,63,72,132,6,8,8,6,6,3.5,8.5,14.5,12.5,22.5,61.5,0.540933899332929
18,36,63,72,135,6,8,8,6,8,3.5,8.5,14.5,12.5,30.5,69.5,0.5633717404487568
18,36,63,72,126,6,8,8,6,8,3.5,8.5,14.5,12.5,28.5,67.5,0.5166767738023045
18,36,63,69,135,6,8,8,6,6,3.5,8.5,14.5,12.0,23.0,61.5,0.5166767738023045
18,36,63,69,132,6,8,8,6,6,3.5,8.5,14.5,12.0,22.5,61.0,0.4990903577926016
18,36,63,69,135,6,8,8,6,8,3.5,8.5,14.5,12.0,30.5,69.0,0.5166767738023045
18,36,63,69,126,6,8,8,6,8,3.5,8.5,14.5,12.0,28.5,67.0,0.4651303820497271
18,36,63,72,135,6,8,8,8,6,3.5,8.5,14.5,16.5,23.0,66.0,0.5657974530018193
18,36,63,72,132,6,8,8,8,6,3.5,8.5,14.5,16.5,22.5,65.5,0.5439660400242571
18,36,63,72,135,6,8,8,8,8,3.5,8.5,14.5,16.5,30.5,73.5,0.572468162522741
18,36,63,72,126,6,8,8,8,8,3.5,8.5,14.5,16.5,28.5,71.5,0.5245603395997575
18,36,63,63,135,6,8,8,8,6,3.5,8.5,14.5,14.5,23.0,64.0,0.47058823529411764
18,36,63,63,132,6,8,8,8,6,3.5,8.5,14.5,14.5,22.5,63.5,0.4414796846573681
18,36,63,63,135,6,8,8,8,8,3.5,8.5,14.5,14.5,30.5,71.5,0.47483323226197693
18,36,63,63,126,6,8,8,8,8,3.5,8.5,14.5,14.5,28.5,69.5,0.4366282595512432
18,27,72,72,135,6,8,6,6,6,3.5,6.5,12.5,12.5,23.0,58.0,0.32201334141904187
18,27,72,72,132,6,8,6,6,6,3.5,6.5,12.5,12.5,22.5,57.5,0.3117040630685264
18,27,72,72,135,6,8,6,6,8,3.5,6.5,12.5,12.5,30.5,65.5,0.3226197695573075
18,27,72,72,126,6,8,6,6,8,3.5,6.5,12.5,12.5,28.5,63.5,0.2922983626440267
18,27,72,69,135,6,8,6,6,6,3.5,6.5,12.5,12.0,23.0,57.5,0.32019405700424497
18,27,72,69,132,6,8,6,6,6,3.5,6.5,12.5,12.0,22.5,57.0,0.3026076409945421
18,27,72,69,135,6,8,6,6,8,3.5,6.5,12.5,12.0,30.5,65.0,0.3232261976955731
18,27,72,69,126,6,8,6,6,8,3.5,6.5,12.5,12.0,28.5,63.0,0.2862340812613705
18,27,72,72,135,6,8,6,8,6,3.5,6.5,12.5,16.5,23.0,62.0,0.32686476652516677
18,27,72,72,132,6,8,6,8,6,3.5,6.5,12.5,16.5,22.5,61.5,0.31049120679199516
18,27,72,72,135,6,8,6,8,8,3.5,6.5,12.5,16.5,30.5,69.5,0.3274711946634324
18,27,72,72,126,6,8,6,8,8,3.5,6.5,12.5,16.5,28.5,67.5,0.2916919345057611
18,27,72,63,135,6,8,6,8,6,3.5,6.5,12.5,14.5,23.0,60.0,0.33717404487568226
18,27,72,63,132,6,8,6,8,6,3.5,6.5,12.5,14.5,22.5,59.5,0.32201334141904187
18,27,72,63,135,6,8,6,8,8,3.5,6.5,12.5,14.5,30.5,67.5,0.3402061855670103
18,27,72,63,126,6,8,6,8,8,3.5,6.5,12.5,14.5,28.5,65.5,0.3129169193450576
18,27,69,72,135,6,8,6,6,6,3.5,6.5,12.0,12.5,23.0,57.5,0.30442692540933897
18,27,69,72,132,6,8,6,6,6,3.5,6.5,12.0,12.5,22.5,57.0,0.2929047907822923
18,27,69,72,135,6,8,6,6,8,3.5,6.5,12.0,12.5,30.5,65.0,0.30563978168587025
18,27,69,72,126,6,8,6,6,8,3.5,6.5,12.0,12.5,28.5,63.0,0.2759248029108551
18,27,69,69,135,6,8,6,6,6,3.5,6.5,12.0,12.0,23.0,57.0,0.3135233474833232
18,27,69,69,132,6,8,6,6,6,3.5,6.5,12.0,12.0,22.5,56.5,0.2935112189205579
18,27,69,69,135,6,8,6,6,8,3.5,6.5,12.0,12.0,30.5,64.5,0.31412977562158884
18,27,69,69,126,6,8,6,6,8,3.5,6.5,12.0,12.0,28.5,62.5,0.27956337174044876
18,27,69,72,135,6,8,6,8,6,3.5,6.5,12.0,16.5,23.0,61.5,0.30927835051546393
18,27,69,72,132,6,8,6,8,6,3.5,6.5,12.0,16.5,22.5,61.0,0.29533050333535477
18,27,69,72,135,6,8,6,8,8,3.5,6.5,12.0,16.5,30.5,69.0,0.31109763493026077
18,27,69,72,126,6,8,6,8,8,3.5,6.5,12.0,16.5,28.5,67.0,0.2771376591873863
18,27,69,63,135,6,8,6,8,6,3.5,6.5,12.0,14.5,23.0,59.5,0.33778047301394787
18,27,69,63,132,6,8,6,8,6,3.5,6.5,12.0,14.5,22.5,59.0,0.3292904790782292
18,27,69,63,135,6,8,6,8,8,3.5,6.5,12.0,14.5,30.5,67.0,0.3389933292904791
18,27,69,63,126,6,8,6,8,8,3.5,6.5,12.0,14.5,28.5,65.0,0.30927835051546393
18,27,72,72,135,6,8,8,6,6,3.5,6.5,16.5,12.5,23.0,62.0,0.3238326258338387
18,27,72,72,132,6,8,8,6,6,3.5,6.5,16.5,12.5,22.5,61.5,0.31049120679199516
18,27,72,72,135,6,8,8,6,8,3.5,6.5,16.5,12.5,30.5,69.5,0.32504548211036993
18,27,72,72,126,6,8,8,6,8,3.5,6.5,16.5,12.5,28.5,67.5,0.2916919345057611
18,27,72,69,135,6,8,8,6,6,3.5,6.5,16.5,12.0,23.0,61.5,0.32080048514251064
18,27,72,69,132,6,8,8,6,6,3.5,6.5,16.5,12.0,22.5,61.0,0.30442692540933897
18,27,72,69,135,6,8,8,6,8,3.5,6.5,16.5,12.0,30.5,69.0,0.328077622801698
18,27,72,69,126,6,8,8,6,8,3.5,6.5,16.5,12.0,28.5,67.0,0.2910855063674955
18,27,72,72,135,6,8,8,8,6,3.5,6.5,16.5,16.5,23.0,66.0,0.32080048514251064
18,27,72,72,132,6,8,8,8,6,3.5,6.5,16.5,16.5,22.5,65.5,0.31049120679199516
18,27,72,72,135,6,8,8,8,8,3.5,6.5,16.5,16.5,30.5,73.5,0.3226197695573075
18,27,72,72,126,6,8,8,8,8,3.5,6.5,16.5,16.5,28.5,71.5,0.28926622195269863
18,27,72,63,135,6,8,8,8,6,3.5,6.5,16.5,14.5,23.0,64.0,0.3335354760460885
18,27,72,63,132,6,8,8,8,6,3.5,6.5,16.5,14.5,22.5,63.5,0.3177683444511825
18,27,72,63,135,6,8,8,8,8,3.5,6.5,16.5,14.5,30.5,71.5,0.33414190418435413
18,27,72,63,126,6,8,8,8,8,3.5,6.5,16.5,14.5,28.5,69.5,0.31109763493026077
18,27,63,72,135,6,8,8,6,6,3.5,6.5,14.5,12.5,23.0,60.0,0.25712553062462096
18,27,63,72,132,6,8,8,6,6,3.5,6.5,14.5,12.5,22.5,59.5,0.2534869617950273
18,27,63,72,135,6,8,8,6,8,3.5,6.5,14.5,12.5,30.5,67.5,0.25833838690115224
18,27,63,72,126,6,8,8,6,8,3.5,6.5,14.5,12.5,28.5,65.5,0.24378411158277744
18,27,63,69,135,6,8,8,6,6,3.5,6.5,14.5,12.0,23.0,59.5,0.2644026682838084
18,27,63,69,132,6,8,8,6,6,3.5,6.5,14.5,12.0,22.5,59.0,0.2601576713159491
18,27,63,69,135,6,8,8,6,8,3.5,6.5,14.5,12.0,30.5,67.0,0.265009096422074
18,27,63,69,126,6,8,8,6,8,3.5,6.5,14.5,12.0,28.5,65.0,0.2534869617950273
18,27,63,72,135,6,8,8,8,6,3.5,6.5,14.5,16.5,23.0,64.0,0.2607640994542147
18,27,63,72,132,6,8,8,8,6,3.5,6.5,14.5,16.5,22.5,63.5,0.25712553062462096
18,27,63,72,135,6,8,8,8,8,3.5,6.5,14.5,16.5,30.5,71.5,0.25833838690115224
18,27,63,72,126,6,8,8,8,8,3.5,6.5,14.5,16.5,28.5,69.5,0.24620982413583992
18,27,63,63,135,6,8,8,8,6,3.5,6.5,14.5,14.5,23.0,62.0,0.3007883565797453
18,27,63,63,132,6,8,8,8,6,3.5,6.5,14.5,14.5,22.5,61.5,0.28865979381443296
18,27,63,63,135,6,8,8,8,8,3.5,6.5,14.5,14.5,30.5,69.5,0.3020012128562765
18,27,63,63,126,6,8,8,8,8,3.5,6.5,14.5,14.5,28.5,67.5,0.2819890842935112
15,36,72,72,135,6,6,6,6,6,3.0,6.5,12.5,12.5,23.0,57.5,0.42995755003032143
15,36,72,72,132,6,6,6,6,6,3.0,6.5,12.5,12.5,22.5,57.0,0.3959975742874469
15,36,72,72,135,6,6,6,6,8,3.0,6.5,12.5,12.5,30.5,65.0,0.4426925409338993
15,36,72,72,126,6,6,6,6,8,3.0,6.5,12.5,12.5,28.5,63.0,0.3790175864160097
15,36,72,69,135,6,6,6,6,6,3.0,6.5,12.5,12.0,23.0,57.0,0.44451182534869615
15,36,72,69,132,6,6,6,6,6,3.0,6.5,12.5,12.0,22.5,56.5,0.39963614311704065
15,36,72,69,135,6,6,6,6,8,3.0,6.5,12.5,12.0,30.5,64.5,0.4475439660400243
15,36,72,69,126,6,6,6,6,8,3.0,6.5,12.5,12.0,28.5,62.5,0.38811400848999394
15,36,72,72,135,6,6,6,8,6,3.0,6.5,12.5,16.5,23.0,61.5,0.4414796846573681
15,36,72,72,132,6,6,6,8,6,3.0,6.5,12.5,16.5,22.5,61.0,0.40024257125530627
15,36,72,72,135,6,6,6,8,8,3.0,6.5,12.5,16.5,30.5,69.0,0.4426925409338993
15,36,72,72,126,6,6,6,8,8,3.0,6.5,12.5,16.5,28.5,67.0,0.3862947240751971
15,36,72,63,135,6,6,6,8,6,3.0,6.5,12.5,14.5,23.0,59.5,0.4178289872650091
15,36,72,63,132,6,6,6,8,6,3.0,6.5,12.5,14.5,22.5,59.0,0.3850818677986659
15,36,72,63,135,6,6,6,8,8,3.0,6.5,12.5,14.5,30.5,67.0,0.42935112189205576
15,36,72,63,126,6,6,6,8,8,3.0,6.5,12.5,14.5,28.5,65.0,0.3802304426925409
15,36,69,72,135,6,6,6,6,6,3.0,6.5,12.0,12.5,23.0,57.0,0.3856882959369315
15,36,69,72,132,6,6,6,6,6,3.0,6.5,12.0,12.5,22.5,56.5,0.3426318981200728
15,36,69,72,135,6,6,6,6,8,3.0,6.5,12.0,12.5,30.5,64.5,0.3905397210430564
15,36,69,72,126,6,6,6,6,8,3.0,6.5,12.0,12.5,28.5,62.5,0.3238326258338387
15,36,69,69,135,6,6,6,6,6,3.0,6.5,12.0,12.0,23.0,56.5,0.3959975742874469
15,36,69,69,132,6,6,6,6,6,3.0,6.5,12.0,12.0,22.5,56.0,0.35657974530018194
15,36,69,69,135,6,6,6,6,8,3.0,6.5,12.0,12.0,30.5,64.0,0.4008489993935719
15,36,69,69,126,6,6,6,6,8,3.0,6.5,12.0,12.0,28.5,62.0,0.34687689508793207
15,36,69,72,135,6,6,6,8,6,3.0,6.5,12.0,16.5,23.0,61.0,0.3862947240751971
15,36,69,72,132,6,6,6,8,6,3.0,6.5,12.0,16.5,22.5,60.5,0.34202546998180716
15,36,69,72,135,6,6,6,8,8,3.0,6.5,12.0,16.5,30.5,68.5,0.3905397210430564
15,36,69,72,126,6,6,6,8,8,3.0,6.5,12.0,16.5,28.5,66.5,0.3244390539721043
15,36,69,63,135,6,6,6,8,6,3.0,6.5,12.0,14.5,23.0,59.0,0.39357186173438446
15,36,69,63,132,6,6,6,8,6,3.0,6.5,12.0,14.5,22.5,58.5,0.34202546998180716
15,36,69,63,135,6,6,6,8,8,3.0,6.5,12.0,14.5,30.5,66.5,0.3959975742874469
15,36,69,63,126,6,6,6,8,8,3.0,6.5,12.0,14.5,28.5,64.5,0.34081261370527594
15,36,72,72,135,6,6,8,6,6,3.0,6.5,16.5,12.5,23.0,61.5,0.4342025469981807
15,36,72,72,132,6,6,8,6,6,3.0,6.5,16.5,12.5,22.5,61.0,0.40388114008489995
15,36,72,72,135,6,6,8,6,8,3.0,6.5,16.5,12.5,30.5,69.0,0.4372346876895088
15,36,72,72,126,6,6,8,6,8,3.0,6.5,16.5,12.5,28.5,67.0,0.3941782898726501
15,36,72,69,135,6,6,8,6,6,3.0,6.5,16.5,12.0,23.0,61.0,0.43905397210430563
15,36,72,69,132,6,6,8,6,6,3.0,6.5,16.5,12.0,22.5,60.5,0.39721043056397815
15,36,72,69,135,6,6,8,6,8,3.0,6.5,16.5,12.0,30.5,68.5,0.44329896907216493
15,36,72,69,126,6,6,8,6,8,3.0,6.5,16.5,12.0,28.5,66.5,0.38447543966040026
15,36,72,72,135,6,6,8,8,6,3.0,6.5,16.5,16.5,23.0,65.5,0.4366282595512432
15,36,72,72,132,6,6,8,8,6,3.0,6.5,16.5,16.5,22.5,65.0,0.406913280776228
15,36,72,72,135,6,6,8,8,8,3.0,6.5,16.5,16.5,30.5,73.0,0.44026682838083686
15,36,72,72,126,6,6,8,8,8,3.0,6.5,16.5,16.5,28.5,71.0,0.38204972710733776
15,36,72,63,135,6,6,8,8,6,3.0,6.5,16.5,14.5,23.0,63.5,0.4166161309884779
15,36,72,63,132,6,6,8,8,6,3.0,6.5,16.5,14.5,22.5,63.0,0.38144329896907214
15,36,72,63,135,6,6,8,8,8,3.0,6.5,16.5,14.5,30.5,71.0,0.4214675560946028
15,36,72,63,126,6,6,8,8,8,3.0,6.5,16.5,14.5,28.5,69.0,0.3802304426925409
15,36,63,72,135,6,6,8,6,6,3.0,6.5,14.5,12.5,23.0,59.5,0.2862340812613705
15,36,63,72,132,6,6,8,6,6,3.0,6.5,14.5,12.5,22.5,59.0,0.25288053365676166
15,36,63,72,135,6,6,8,6,8,3.0,6.5,14.5,12.5,30.5,67.0,0.2910855063674955
15,36,63,72,126,6,6,8,6,8,3.0,6.5,14.5,12.5,28.5,65.0,0.25712553062462096
15,36,63,69,135,6,6,8,6,6,3.0,6.5,14.5,12.0,23.0,59.0,0.27228623408126135
15,36,63,69,132,6,6,8,6,6,3.0,6.5,14.5,12.0,22.5,58.5,0.23953911461491814
15,36,63,69,135,6,6,8,6,8,3.0,6.5,14.5,12.0,30.5,66.5,0.2813826561552456
15,36,63,69,126,6,6,8,6,8,3.0,6.5,14.5,12.0,28.5,64.5,0.24075197089144937
15,36,63,72,135,6,6,8,8,6,3.0,6.5,14.5,16.5,23.0,63.5,0.296543359611886
15,36,63,72,132,6,6,8,8,6,3.0,6.5,14.5,16.5,22.5,63.0,0.25833838690115224
15,36,63,72,135,6,6,8,8,8,3.0,6.5,14.5,16.5,30.5,71.0,0.29957550030321406
15,36,63,72,126,6,6,8,8,8,3.0,6.5,14.5,16.5,28.5,69.0,0.25591267434808973
15,36,63,63,135,6,6,8,8,6,3.0,6.5,14.5,14.5,23.0,61.5,0.2644026682838084
15,36,63,63,132,6,6,8,8,6,3.0,6.5,14.5,14.5,22.5,61.0,0.22862340812613705
15,36,63,63,135,6,6,8,8,8,3.0,6.5,14.5,14.5,30.5,69.0,0.2668283808368708
15,36,63,63,126,6,6,8,8,8,3.0,6.5,14.5,14.5,28.5,67.0,0.22741055184960582
15,33,72,72,135,6,6,6,6,6,3.0,6.0,12.5,12.5,23.0,57.0,0.28805336567616735
15,33,72,72,132,6,6,6,6,6,3.0,6.0,12.5,12.5,22.5,56.5,0.2619769557307459
15,33,72,72,135,6,6,6,6,8,3.0,6.0,12.5,12.5,30.5,64.5,0.28987265009096425
15,33,72,72,126,6,6,6,6,8,3.0,6.0,12.5,12.5,28.5,62.5,0.23650697392359005
15,33,72,69,135,6,6,6,6,6,3.0,6.0,12.5,12.0,23.0,56.5,0.3165554881746513
15,33,72,69,132,6,6,6,6,6,3.0,6.0,12.5,12.0,22.5,56.0,0.28320194057004244
15,33,72,69,135,6,6,6,6,8,3.0,6.0,12.5,12.0,30.5,64.0,0.30927835051546393
15,33,72,69,126,6,6,6,6,8,3.0,6.0,12.5,12.0,28.5,62.0,0.27228623408126135
15,33,72,72,135,6,6,6,8,6,3.0,6.0,12.5,16.5,23.0,61.0,0.27895694360218315
15,33,72,72,132,6,6,6,8,6,3.0,6.0,12.5,16.5,22.5,60.5,0.25288053365676166
15,33,72,72,135,6,6,6,8,8,3.0,6.0,12.5,16.5,30.5,68.5,0.27349909035779263
15,33,72,72,126,6,6,6,8,8,3.0,6.0,12.5,16.5,28.5,66.5,0.22134627046694966
15,33,72,63,135,6,6,6,8,6,3.0,6.0,12.5,14.5,23.0,59.0,0.2971497877501516
15,33,72,63,132,6,6,6,8,6,3.0,6.0,12.5,14.5,22.5,58.5,0.2765312310491207
15,33,72,63,135,6,6,6,8,8,3.0,6.0,12.5,14.5,30.5,66.5,0.29411764705882354
15,33,72,63,126,6,6,6,8,8,3.0,6.0,12.5,14.5,28.5,64.5,0.27167980594299573
15,33,69,72,135,6,6,6,6,6,3.0,6.0,12.0,12.5,23.0,56.5,0.24802910855063676
15,33,69,72,132,6,6,6,6,6,3.0,6.0,12.0,12.5,22.5,56.0,0.20679199514857488
15,33,69,72,135,6,6,6,6,8,3.0,6.0,12.0,12.5,30.5,64.0,0.24499696785930866
15,33,69,72,126,6,6,6,6,8,3.0,6.0,12.0,12.5,28.5,62.0,0.18556701030927836
15,33,69,69,135,6,6,6,6,6,3.0,6.0,12.0,12.0,23.0,56.0,0.2607640994542147
15,33,69,69,132,6,6,6,6,6,3.0,6.0,12.0,12.0,22.5,55.5,0.23832625833838691
15,33,69,69,135,6,6,6,6,8,3.0,6.0,12.0,12.0,30.5,63.5,0.26318981200727715
15,33,69,69,126,6,6,6,6,8,3.0,6.0,12.0,12.0,28.5,61.5,0.2268041237113402
15,33,69,72,135,6,6,6,8,6,3.0,6.0,12.0,16.5,23.0,60.5,0.22437841115827775
15,33,69,72,132,6,6,6,8,6,3.0,6.0,12.0,16.5,22.5,60.0,0.19708914493632504
15,33,69,72,135,6,6,6,8,8,3.0,6.0,12.0,16.5,30.5,68.0,0.22377198302001214
15,33,69,72,126,6,6,6,8,8,3.0,6.0,12.0,16.5,28.5,66.0,0.17647058823529413
15,33,69,63,135,6,6,6,8,6,3.0,6.0,12.0,14.5,23.0,58.5,0.23226197695573075
15,33,69,63,132,6,6,6,8,6,3.0,6.0,12.0,14.5,22.5,58.0,0.22316555488174653
15,33,69,63,135,6,6,6,8,8,3.0,6.0,12.0,14.5,30.5,66.0,0.23529411764705882
15,33,69,63,126,6,6,6,8,8,3.0,6.0,12.0,14.5,28.5,64.0,0.21588841722255914
15,33,72,72,135,6,6,8,6,6,3.0,6.0,16.5,12.5,23.0,61.0,0.27956337174044876
15,33,72,72,132,6,6,8,6,6,3.0,6.0,16.5,12.5,22.5,60.5,0.2498483929654336
15,33,72,72,135,6,6,8,6,8,3.0,6.0,16.5,12.5,30.5,68.5,0.28320194057004244
15,33,72,72,126,6,6,8,6,8,3.0,6.0,16.5,12.5,28.5,66.5,0.23650697392359005
15,33,72,69,135,6,6,8,6,6,3.0,6.0,16.5,12.0,23.0,60.5,0.3007883565797453
15,33,72,69,132,6,6,8,6,6,3.0,6.0,16.5,12.0,22.5,60.0,0.26804123711340205
15,33,72,69,135,6,6,8,6,8,3.0,6.0,16.5,12.0,30.5,68.0,0.2971497877501516
15,33,72,69,126,6,6,8,6,8,3.0,6.0,16.5,12.0,28.5,66.0,0.25288053365676166
15,33,72,72,135,6,6,8,8,6,3.0,6.0,16.5,16.5,23.0,65.0,0.26864766525166767
15,33,72,72,132,6,6,8,8,6,3.0,6.0,16.5,16.5,22.5,64.5,0.2425712553062462
15,33,72,72,135,6,6,8,8,8,3.0,6.0,16.5,16.5,30.5,72.5,0.2710733778047301
15,33,72,72,126,6,6,8,8,8,3.0,6.0,16.5,16.5,28.5,70.5,0.21710127349909036
15,33,72,63,135,6,6,8,8,6,3.0,6.0,16.5,14.5,23.0,63.0,0.2813826561552456
15,33,72,63,132,6,6,8,8,6,3.0,6.0,16.5,14.5,22.5,62.5,0.27228623408126135
15,33,72,63,135,6,6,8,8,8,3.0,6.0,16.5,14.5,30.5,70.5,0.27956337174044876
15,33,72,63,126,6,6,8,8,8,3.0,6.0,16.5,14.5,28.5,68.5,0.25773195876288657
15,33,63,72,135,6,6,8,6,6,3.0,6.0,14.5,12.5,23.0,59.0,0.24499696785930866
15,33,63,72,132,6,6,8,6,6,3.0,6.0,14.5,12.5,22.5,58.5,0.20497271073377804
15,33,63,72,135,6,6,8,6,8,3.0,6.0,14.5,12.5,30.5,66.5,0.2504548211036992
15,33,63,72,126,6,6,8,6,8,3.0,6.0,14.5,12.5,28.5,64.5,0.1958762886597938
15,33,63,69,135,6,6,8,6,6,3.0,6.0,14.5,12.0,23.0,58.5,0.24075197089144937
15,33,63,69,132,6,6,8,6,6,3.0,6.0,14.5,12.0,22.5,58.0,0.20618556701030927
15,33,63,69,135,6,6,8,6,8,3.0,6.0,14.5,12.0,30.5,66.0,0.24863553668890237
15,33,63,69,126,6,6,8,6,8,3.0,6.0,14.5,12.0,28.5,64.0,0.20072771376591875
15,33,63,72,135,6,6,8,8,6,3.0,6.0,14.5,16.5,23.0,63.0,0.24560339599757428
15,33,63,72,132,6,6,8,8,6,3.0,6.0,14.5,16.5,22.5,62.5,0.20497271073377804
15,33,63,72,135,6,6,8,8,8,3.0,6.0,14.5,16.5,30.5,70.5,0.24742268041237114
15,33,63,72,126,6,6,8,8,8,3.0,6.0,14.5,16.5,28.5,68.5,0.18981200727713765
15,33,63,63,135,6,6,8,8,6,3.0,6.0,14.5,14.5,23.0,61.0,0.23044269254093389
15,33,63,63,132,6,6,8,8,6,3.0,6.0,14.5,14.5,22.5,60.5,0.19102486355366888
15,33,63,63,135,6,6,8,8,8,3.0,6.0,14.5,14.5,30.5,68.5,0.23044269254093389
15,33,63,63,126,6,6,8,8,8,3.0,6.0,14.5,14.5,28.5,66.5,0.18981200727713765
15,36,72,72,135,6,8,6,6,6,3.0,8.5,12.5,12.5,23.0,59.5,0.4057004244996968
15,36,72,72,132,6,8,6,6,6,3.0,8.5,12.5,12.5,22.5,59.0,0.37355973317161917
15,36,72,72,135,6,8,6,6,8,3.0,8.5,12.5,12.5,30.5,67.0,0.406913280776228
15,36,72,72,126,6,8,6,6,8,3.0,8.5,12.5,12.5,28.5,65.0,0.34990903577926014
15,36,72,69,135,6,8,6,6,6,3.0,8.5,12.5,12.0,23.0,59.0,0.4008489993935719
15,36,72,69,132,6,8,6,6,6,3.0,8.5,12.5,12.0,22.5,58.5,0.3650697392359005
15,36,72,69,135,6,8,6,6,8,3.0,8.5,12.5,12.0,30.5,66.5,0.4099454214675561
15,36,72,69,126,6,8,6,6,8,3.0,8.5,12.5,12.0,28.5,64.5,0.35172832019405703
15,36,72,72,135,6,8,6,8,6,3.0,8.5,12.5,16.5,23.0,63.5,0.39842328684050937
15,36,72,72,132,6,8,6,8,6,3.0,8.5,12.5,16.5,22.5,63.0,0.36567616737416614
15,36,72,72,135,6,8,6,8,8,3.0,8.5,12.5,16.5,30.5,71.0,0.39781685870224376
15,36,72,72,126,6,8,6,8,8,3.0,8.5,12.5,16.5,28.5,69.0,0.3395997574287447
15,36,72,63,135,6,8,6,8,6,3.0,8.5,12.5,14.5,23.0,61.5,0.4014554275318375
15,36,72,63,132,6,8,6,8,6,3.0,8.5,12.5,14.5,22.5,61.0,0.3644633110976349
15,36,72,63,135,6,8,6,8,8,3.0,8.5,12.5,14.5,30.5,69.0,0.406913280776228
15,36,72,63,126,6,8,6,8,8,3.0,8.5,12.5,14.5,28.5,67.0,0.35779260157671317
15,36,69,72,135,6,8,6,6,6,3.0,8.5,12.0,12.5,23.0,59.0,0.3480897513644633
15,36,69,72,132,6,8,6,6,6,3.0,8.5,12.0,12.5,22.5,58.5,0.3086719223771983
15,36,69,72,135,6,8,6,6,8,3.0,8.5,12.0,12.5,30.5,66.5,0.3553668890236507
15,36,69,72,126,6,8,6,6,8,3.0,8.5,12.0,12.5,28.5,64.5,0.28865979381443296
15,36,69,69,135,6,8,6,6,6,3.0,8.5,12.0,12.0,23.0,58.5,0.36628259551243175
15,36,69,69,132,6,8,6,6,6,3.0,8.5,12.0,12.0,22.5,58.0,0.3244390539721043
15,36,69,69,135,6,8,6,6,8,3.0,8.5,12.0,12.0,30.5,66.0,0.3693147362037599
15,36,69,69,126,6,8,6,6,8,3.0,8.5,12.0,12.0,28.5,64.0,0.30927835051546393
15,36,69,72,135,6,8,6,8,6,3.0,8.5,12.0,16.5,23.0,63.0,0.3389933292904791
15,36,69,72,132,6,8,6,8,6,3.0,8.5,12.0,16.5,22.5,62.5,0.3026076409945421
15,36,69,72,135,6,8,6,8,8,3.0,8.5,12.0,16.5,30.5,70.5,0.34141904184354155
15,36,69,72,126,6,8,6,8,8,3.0,8.5,12.0,16.5,28.5,68.5,0.2777440873256519
15,36,69,63,135,6,8,6,8,6,3.0,8.5,12.0,14.5,23.0,61.0,0.35961188599151
15,36,69,63,132,6,8,6,8,6,3.0,8.5,12.0,14.5,22.5,60.5,0.3286840509399636
15,36,69,63,135,6,8,6,8,8,3.0,8.5,12.0,14.5,30.5,68.5,0.36810187992722865
15,36,69,63,126,6,8,6,8,8,3.0,8.5,12.0,14.5,28.5,66.5,0.32504548211036993
15,36,72,72,135,6,8,8,6,6,3.0,8.5,16.5,12.5,23.0,63.5,0.4063068526379624
15,36,72,72,132,6,8,8,6,6,3.0,8.5,16.5,12.5,22.5,63.0,0.36628259551243175
15,36,72,72,135,6,8,8,6,8,3.0,8.5,16.5,12.5,30.5,71.0,0.41419041843541543
15,36,72,72,126,6,8,8,6,8,3.0,8.5,16.5,12.5,28.5,69.0,0.34505761067313523
15,36,72,69,135,6,8,8,6,6,3.0,8.5,16.5,12.0,23.0,63.0,0.4057004244996968
15,36,72,69,132,6,8,8,6,6,3.0,8.5,16.5,12.0,22.5,62.5,0.3590054578532444
15,36,72,69,135,6,8,8,6,8,3.0,8.5,16.5,12.0,30.5,70.5,0.40873256519102485
15,36,72,69,126,6,8,8,6,8,3.0,8.5,16.5,12.0,28.5,68.5,0.3493026076409945
15,36,72,72,135,6,8,8,8,6,3.0,8.5,16.5,16.5,23.0,67.5,0.4008489993935719
15,36,72,72,132,6,8,8,8,6,3.0,8.5,16.5,16.5,22.5,67.0,0.3705275924802911
15,36,72,72,135,6,8,8,8,8,3.0,8.5,16.5,16.5,30.5,75.0,0.40873256519102485
15,36,72,72,126,6,8,8,8,8,3.0,8.5,16.5,16.5,28.5,73.0,0.3383869011522135
15,36,72,63,135,6,8,8,8,6,3.0,8.5,16.5,14.5,23.0,65.5,0.3917525773195876
15,36,72,63,132,6,8,8,8,6,3.0,8.5,16.5,14.5,22.5,65.0,0.35779260157671317
15,36,72,63,135,6,8,8,8,8,3.0,8.5,16.5,14.5,30.5,73.0,0.39781685870224376
15,36,72,63,126,6,8,8,8,8,3.0,8.5,16.5,14.5,28.5,71.0,0.35779260157671317
15,36,63,72,135,6,8,8,6,6,3.0,8.5,14.5,12.5,23.0,61.5,0.27167980594299573
15,36,63,72,132,6,8,8,6,6,3.0,8.5,14.5,12.5,22.5,61.0,0.2425712553062462
15,36,63,72,135,6,8,8,6,8,3.0,8.5,14.5,12.5,30.5,69.0,0.27410551849605824
15,36,63,72,126,6,8,8,6,8,3.0,8.5,14.5,12.5,28.5,67.0,0.24317768344451182
15,36,63,69,135,6,8,8,6,6,3.0,8.5,14.5,12.0,23.0,61.0,0.2607640994542147
15,36,63,69,132,6,8,8,6,6,3.0,8.5,14.5,12.0,22.5,60.5,0.2261976955730746
15,36,63,69,135,6,8,8,6,8,3.0,8.5,14.5,12.0,30.5,68.5,0.26743480897513644
15,36,63,69,126,6,8,8,6,8,3.0,8.5,14.5,12.0,28.5,66.5,0.22377198302001214
15,36,63,72,135,6,8,8,8,6,3.0,8.5,14.5,16.5,23.0,65.5,0.2777440873256519
15,36,63,72,132,6,8,8,8,6,3.0,8.5,14.5,16.5,22.5,65.0,0.24742268041237114
15,36,63,72,135,6,8,8,8,8,3.0,8.5,14.5,16.5,30.5,73.0,0.28259551243177683
15,36,63,72,126,6,8,8,8,8,3.0,8.5,14.5,16.5,28.5,71.0,0.24560339599757428
15,36,63,63,135,6,8,8,8,6,3.0,8.5,14.5,14.5,23.0,63.5,0.2546998180715585
15,36,63,63,132,6,8,8,8,6,3.0,8.5,14.5,14.5,22.5,63.0,0.2189205579138872
15,36,63,63,135,6,8,8,8,8,3.0,8.5,14.5,14.5,30.5,71.0,0.25591267434808973
15,36,63,63,126,6,8,8,8,8,3.0,8.5,14.5,14.5,28.5,69.0,0.21528198908429352
15,27,72,72,135,6,8,6,6,6,3.0,6.5,12.5,12.5,23.0,57.5,0.2025469981807156
15,27,72,72,132,6,8,6,6,6,3.0,6.5,12.5,12.5,22.5,57.0,0.19163129169193452
15,27,72,72,135,6,8,6,6,8,3.0,6.5,12.5,12.5,30.5,65.0,0.20861127956337175
15,27,72,72,126,6,8,6,6,8,3.0,6.5,12.5,12.5,28.5,63.0,0.1873862947240752
15,27,72,69,135,6,8,6,6,6,3.0,6.5,12.5,12.0,23.0,57.0,0.20133414190418436
15,27,72,69,132,6,8,6,6,6,3.0,6.5,12.5,12.0,22.5,56.5,0.18435415403274713
15,27,72,69,135,6,8,6,6,8,3.0,6.5,12.5,12.0,30.5,64.5,0.20133414190418436
15,27,72,69,126,6,8,6,6,8,3.0,6.5,12.5,12.0,28.5,62.5,0.1873862947240752
15,27,72,72,135,6,8,6,8,6,3.0,6.5,12.5,16.5,23.0,61.5,0.20436628259551243
15,27,72,72,132,6,8,6,8,6,3.0,6.5,12.5,16.5,22.5,61.0,0.18617343844754397
15,27,72,72,135,6,8,6,8,8,3.0,6.5,12.5,16.5,30.5,69.0,0.20679199514857488
15,27,72,72,126,6,8,6,8,8,3.0,6.5,12.5,16.5,28.5,67.0,0.18677986658580958
15,27,72,63,135,6,8,6,8,6,3.0,6.5,12.5,14.5,23.0,59.5,0.2261976955730746
15,27,72,63,132,6,8,6,8,6,3.0,6.5,12.5,14.5,22.5,59.0,0.19830200121285627
15,27,72,63,135,6,8,6,8,8,3.0,6.5,12.5,14.5,30.5,67.0,0.22741055184960582
15,27,72,63,126,6,8,6,8,8,3.0,6.5,12.5,14.5,28.5,65.0,0.1958762886597938
15,27,69,72,135,6,8,6,6,6,3.0,6.5,12.0,12.5,23.0,57.0,0.18920557913887204
15,27,69,72,132,6,8,6,6,6,3.0,6.5,12.0,12.5,22.5,56.5,0.17040630685263797
15,27,69,72,135,6,8,6,6,8,3.0,6.5,12.0,12.5,30.5,64.5,0.18981200727713765
15,27,69,72,126,6,8,6,6,8,3.0,6.5,12.0,12.5,28.5,62.5,0.16616130988477865
15,27,69,69,135,6,8,6,6,6,3.0,6.5,12.0,12.0,23.0,56.5,0.18314129775621588
15,27,69,69,132,6,8,6,6,6,3.0,6.5,12.0,12.0,22.5,56.0,0.16191631291691935
15,27,69,69,135,6,8,6,6,8,3.0,6.5,12.0,12.0,30.5,64.0,0.18496058217101274
15,27,69,69,126,6,8,6,6,8,3.0,6.5,12.0,12.0,28.5,62.0,0.16858702243784113
15,27,69,72,135,6,8,6,8,6,3.0,6.5,12.0,16.5,23.0,61.0,0.1873862947240752
15,27,69,72,132,6,8,6,8,6,3.0,6.5,12.0,16.5,22.5,60.5,0.16858702243784113
15,27,69,72,135,6,8,6,8,8,3.0,6.5,12.0,16.5,30.5,68.5,0.19102486355366888
15,27,69,72,126,6,8,6,8,8,3.0,6.5,12.0,16.5,28.5,66.5,0.16252274105518497
15,27,69,63,135,6,8,6,8,6,3.0,6.5,12.0,14.5,23.0,59.0,0.2104305639781686
15,27,69,63,132,6,8,6,8,6,3.0,6.5,12.0,14.5,22.5,58.5,0.18435415403274713
15,27,69,63,135,6,8,6,8,8,3.0,6.5,12.0,14.5,30.5,66.5,0.21406913280776227
15,27,69,63,126,6,8,6,8,8,3.0,6.5,12.0,14.5,28.5,64.5,0.18617343844754397
15,27,72,72,135,6,8,8,6,6,3.0,6.5,16.5,12.5,23.0,61.5,0.20497271073377804
15,27,72,72,132,6,8,8,6,6,3.0,6.5,16.5,12.5,22.5,61.0,0.18981200727713765
15,27,72,72,135,6,8,8,6,8,3.0,6.5,16.5,12.5,30.5,69.0,0.20497271073377804
15,27,72,72,126,6,8,8,6,8,3.0,6.5,16.5,12.5,28.5,67.0,0.18677986658580958
15,27,72,69,135,6,8,8,6,6,3.0,6.5,16.5,12.0,23.0,61.0,0.20375985445724681
15,27,72,69,132,6,8,8,6,6,3.0,6.5,16.5,12.0,22.5,60.5,0.18071558520315342
15,27,72,69,135,6,8,8,6,8,3.0,6.5,16.5,12.0,30.5,68.5,0.20497271073377804
15,27,72,69,126,6,8,8,6,8,3.0,6.5,16.5,12.0,28.5,66.5,0.18617343844754397
15,27,72,72,135,6,8,8,8,6,3.0,6.5,16.5,16.5,23.0,65.5,0.20436628259551243
15,27,72,72,132,6,8,8,8,6,3.0,6.5,16.5,16.5,22.5,65.0,0.19102486355366888
15,27,72,72,135,6,8,8,8,8,3.0,6.5,16.5,16.5,30.5,73.0,0.20800485142510614
15,27,72,72,126,6,8,8,8,8,3.0,6.5,16.5,16.5,28.5,71.0,0.18435415403274713
15,27,72,63,135,6,8,8,8,6,3.0,6.5,16.5,14.5,23.0,63.5,0.23165554881746514
15,27,72,63,132,6,8,8,8,6,3.0,6.5,16.5,14.5,22.5,63.0,0.20194057004244997
15,27,72,63,135,6,8,8,8,8,3.0,6.5,16.5,14.5,30.5,71.0,0.22922983626440266
15,27,72,63,126,6,8,8,8,8,3.0,6.5,16.5,14.5,28.5,69.0,0.19951485748938752
15,27,63,72,135,6,8,8,6,6,3.0,6.5,14.5,12.5,23.0,59.5,0.17889630078835658
15,27,63,72,132,6,8,8,6,6,3.0,6.5,14.5,12.5,22.5,59.0,0.16737416616130987
15,27,63,72,135,6,8,8,6,8,3.0,6.5,14.5,12.5,30.5,67.0,0.18253486961795026
15,27,63,72,126,6,8,8,6,8,3.0,6.5,14.5,12.5,28.5,65.0,0.16979987871437235
15,27,63,69,135,6,8,8,6,6,3.0,6.5,14.5,12.0,23.0,59.0,0.18071558520315342
15,27,63,69,132,6,8,8,6,6,3.0,6.5,14.5,12.0,22.5,58.5,0.16130988477865374
15,27,63,69,135,6,8,8,6,8,3.0,6.5,14.5,12.0,30.5,66.5,0.18374772589448152
15,27,63,69,126,6,8,8,6,8,3.0,6.5,14.5,12.0,28.5,64.5,0.16676773802304426
15,27,63,72,135,6,8,8,8,6,3.0,6.5,14.5,16.5,23.0,63.5,0.17889630078835658
15,27,63,72,132,6,8,8,8,6,3.0,6.5,14.5,16.5,22.5,63.0,0.16676773802304426
15,27,63,72,135,6,8,8,8,8,3.0,6.5,14.5,16.5,30.5,71.0,0.18192844147968465
15,27,63,72,126,6,8,8,8,8,3.0,6.5,14.5,16.5,28.5,69.0,0.16798059429957551
15,27,63,63,135,6,8,8,8,6,3.0,6.5,14.5,14.5,23.0,61.5,0.20921770770163736
15,27,63,63,132,6,8,8,8,6,3.0,6.5,14.5,14.5,22.5,61.0,0.18677986658580958
15,27,63,63,135,6,8,8,8,8,3.0,6.5,14.5,14.5,30.5,69.0,0.21164342025469982
15,27,63,63,126,6,8,8,8,8,3.0,6.5,14.5,14.5,28.5,67.0,0.18677986658580958
18,36,72,72,135,8,6,6,6,6,4.5,6.5,12.5,12.5,23.0,59.0,0.6719223771983021
18,36,72,72,132,8,6,6,6,6,4.5,6.5,12.5,12.5,22.5,58.5,0.6743480897513645
18,36,72,72,135,8,6,6,6,8,4.5,6.5,12.5,12.5,30.5,66.5,0.6694966646452395
18,36,72,72,126,8,6,6,6,8,4.5,6.5,12.5,12.5,28.5,64.5,0.656155245603396
18,36,72,69,135,8,6,6,6,6,4.5,6.5,12.5,12.0,23.0,58.5,0.6658580958156458
18,36,72,69,132,8,6,6,6,6,4.5,6.5,12.5,12.0,22.5,58.0,0.6646452395391146
18,36,72,69,135,8,6,6,6,8,4.5,6.5,12.5,12.0,30.5,66.0,0.6646452395391146
18,36,72,69,126,8,6,6,6,8,4.5,6.5,12.5,12.0,28.5,64.0,0.6446331109763493
18,36,72,72,135,8,6,6,8,6,4.5,6.5,12.5,16.5,23.0,63.0,0.6737416616130989
18,36,72,72,132,8,6,6,8,6,4.5,6.5,12.5,16.5,22.5,62.5,0.6755609460278957
18,36,72,72,135,8,6,6,8,8,4.5,6.5,12.5,16.5,30.5,70.5,0.6701030927835051
18,36,72,72,126,8,6,6,8,8,4.5,6.5,12.5,16.5,28.5,68.5,0.6591873862947241
18,36,72,63,135,8,6,6,8,6,4.5,6.5,12.5,14.5,23.0,61.0,0.6015767131594906
18,36,72,63,132,8,6,6,8,6,4.5,6.5,12.5,14.5,22.5,60.5,0.5918738629472408
18,36,72,63,135,8,6,6,8,8,4.5,6.5,12.5,14.5,30.5,68.5,0.5979381443298969
18,36,72,63,126,8,6,6,8,8,4.5,6.5,12.5,14.5,28.5,66.5,0.593086719223772
18,36,69,72,135,8,6,6,6,6,4.5,6.5,12.0,12.5,23.0,58.5,0.6622195269860521
18,36,69,72,132,8,6,6,6,6,4.5,6.5,12.0,12.5,22.5,58.0,0.6597938144329897
18,36,69,72,135,8,6,6,6,8,4.5,6.5,12.0,12.5,30.5,66.0,0.6634323832625834
18,36,69,72,126,8,6,6,6,8,4.5,6.5,12.0,12.5,28.5,64.0,0.6428138265615525
18,36,69,69,135,8,6,6,6,6,4.5,6.5,12.0,12.0,23.0,58.0,0.6707095209217707
18,36,69,69,132,8,6,6,6,6,4.5,6.5,12.0,12.0,22.5,57.5,0.6628259551243177
18,36,69,69,135,8,6,6,6,8,4.5,6.5,12.0,12.0,30.5,65.5,0.6658580958156458
18,36,69,69,126,8,6,6,6,8,4.5,6.5,12.0,12.0,28.5,63.5,0.6494845360824743
18,36,69,72,135,8,6,6,8,6,4.5,6.5,12.0,16.5,23.0,62.5,0.6622195269860521
18,36,69,72,132,8,6,6,8,6,4.5,6.5,12.0,16.5,22.5,62.0,0.6597938144329897
18,36,69,72,135,8,6,6,8,8,4.5,6.5,12.0,16.5,30.5,70.0,0.6634323832625834
18,36,69,72,126,8,6,6,8,8,4.5,6.5,12.0,16.5,28.5,68.0,0.6440266828380837
18,36,69,63,135,8,6,6,8,6,4.5,6.5,12.0,14.5,23.0,60.5,0.5991510006064281
18,36,69,63,132,8,6,6,8,6,4.5,6.5,12.0,14.5,22.5,60.0,0.5967252880533657
18,36,69,63,135,8,6,6,8,8,4.5,6.5,12.0,14.5,30.5,68.0,0.6033959975742874
18,36,69,63,126,8,6,6,8,8,4.5,6.5,12.0,14.5,28.5,66.0,0.6052152819890843
18,36,72,72,135,8,6,8,6,6,4.5,6.5,16.5,12.5,23.0,63.0,0.6725288053365677
18,36,72,72,132,8,6,8,6,6,4.5,6.5,16.5,12.5,22.5,62.5,0.6737416616130989
18,36,72,72,135,8,6,8,6,8,4.5,6.5,16.5,12.5,30.5,70.5,0.6707095209217707
18,36,72,72,126,8,6,8,6,8,4.5,6.5,16.5,12.5,28.5,68.5,0.6579745300181928
18,36,72,69,135,8,6,8,6,6,4.5,6.5,16.5,12.0,23.0,62.5,0.6688902365069739
18,36,72,69,132,8,6,8,6,6,4.5,6.5,16.5,12.0,22.5,62.0,0.6658580958156458
18,36,72,69,135,8,6,8,6,8,4.5,6.5,16.5,12.0,30.5,70.0,0.6707095209217707
18,36,72,69,126,8,6,8,6,8,4.5,6.5,16.5,12.0,28.5,68.0,0.6488781079442086
18,36,72,72,135,8,6,8,8,6,4.5,6.5,16.5,16.5,23.0,67.0,0.6749545178896301
18,36,72,72,132,8,6,8,8,6,4.5,6.5,16.5,16.5,22.5,66.5,0.676773802304427
18,36,72,72,135,8,6,8,8,8,4.5,6.5,16.5,16.5,30.5,74.5,0.6755609460278957
18,36,72,72,126,8,6,8,8,8,4.5,6.5,16.5,16.5,28.5,72.5,0.6591873862947241
18,36,72,63,135,8,6,8,8,6,4.5,6.5,16.5,14.5,23.0,65.0,0.600970285021225
18,36,72,63,132,8,6,8,8,6,4.5,6.5,16.5,14.5,22.5,64.5,0.5949060036385688
18,36,72,63,135,8,6,8,8,8,4.5,6.5,16.5,14.5,30.5,72.5,0.6003638568829593
18,36,72,63,126,8,6,8,8,8,4.5,6.5,16.5,14.5,28.5,70.5,0.5924802910855064
18,36,63,72,135,8,6,8,6,6,4.5,6.5,14.5,12.5,23.0,61.0,0.5621588841722256
18,36,63,72,132,8,6,8,6,6,4.5,6.5,14.5,12.5,22.5,60.5,0.5415403274711946
18,36,63,72,135,8,6,8,6,8,4.5,6.5,14.5,12.5,30.5,68.5,0.5639781685870224
18,36,63,72,126,8,6,8,6,8,4.5,6.5,14.5,12.5,28.5,66.5,0.5154639175257731
18,36,63,69,135,8,6,8,6,6,4.5,6.5,14.5,12.0,23.0,60.5,0.5269860521528199
18,36,63,69,132,8,6,8,6,6,4.5,6.5,14.5,12.0,22.5,60.0,0.4948453608247423
18,36,63,69,135,8,6,8,6,8,4.5,6.5,14.5,12.0,30.5,68.0,0.5257731958762887
18,36,63,69,126,8,6,8,6,8,4.5,6.5,14.5,12.0,28.5,66.0,0.4693753790175864
18,36,63,72,135,8,6,8,8,6,4.5,6.5,14.5,16.5,23.0,65.0,0.5682231655548817
18,36,63,72,132,8,6,8,8,6,4.5,6.5,14.5,16.5,22.5,64.5,0.5476046088538509
18,36,63,72,135,8,6,8,8,8,4.5,6.5,14.5,16.5,30.5,72.5,0.5664038811400849
18,36,63,72,126,8,6,8,8,8,4.5,6.5,14.5,16.5,28.5,70.5,0.5197089144936325
18,36,63,63,135,8,6,8,8,6,4.5,6.5,14.5,14.5,23.0,63.0,0.47665251667677383
18,36,63,63,132,8,6,8,8,6,4.5,6.5,14.5,14.5,22.5,62.5,0.45057610673135234
18,36,63,63,135,8,6,8,8,8,4.5,6.5,14.5,14.5,30.5,70.5,0.47725894481503944
18,36,63,63,126,8,6,8,8,8,4.5,6.5,14.5,14.5,28.5,68.5,0.4408732565191025
18,33,72,72,135,8,6,6,6,6,4.5,6.0,12.5,12.5,23.0,58.5,0.6173438447543966
18,33,72,72,132,8,6,6,6,6,4.5,6.0,12.5,12.5,22.5,58.0,0.6155245603395998
18,33,72,72,135,8,6,6,6,8,4.5,6.0,12.5,12.5,30.5,66.0,0.6094602789569437
18,33,72,72,126,8,6,6,6,8,4.5,6.0,12.5,12.5,28.5,64.0,0.6076409945421467
18,33,72,69,135,8,6,6,6,6,4.5,6.0,12.5,12.0,23.0,58.0,0.6318981200727714
18,33,72,69,132,8,6,6,6,6,4.5,6.0,12.5,12.0,22.5,57.5,0.6343238326258338
18,33,72,69,135,8,6,6,6,8,4.5,6.0,12.5,12.0,30.5,65.5,0.6294724075197089
18,33,72,69,126,8,6,6,6,8,4.5,6.0,12.5,12.0,28.5,63.5,0.6312916919345057
18,33,72,72,135,8,6,6,8,6,4.5,6.0,12.5,16.5,23.0,62.5,0.600970285021225
18,33,72,72,132,8,6,6,8,6,4.5,6.0,12.5,16.5,22.5,62.0,0.6064281382656155
18,33,72,72,135,8,6,6,8,8,4.5,6.0,12.5,16.5,30.5,70.0,0.5942995755003032
18,33,72,72,126,8,6,6,8,8,4.5,6.0,12.5,16.5,28.5,68.0,0.5985445724681625
18,33,72,63,135,8,6,6,8,6,4.5,6.0,12.5,14.5,23.0,60.5,0.582171012734991
18,33,72,63,132,8,6,6,8,6,4.5,6.0,12.5,14.5,22.5,60.0,0.5864160097028502
18,33,72,63,135,8,6,6,8,8,4.5,6.0,12.5,14.5,30.5,68.0,0.5833838690115222
18,33,72,63,126,8,6,6,8,8,4.5,6.0,12.5,14.5,28.5,66.0,0.6112795633717405
18,33,69,72,135,8,6,6,6,6,4.5,6.0,12.0,12.5,23.0,58.0,0.5603395997574288
18,33,69,72,132,8,6,6,6,6,4.5,6.0,12.0,12.5,22.5,57.5,0.5506367495451789
18,33,69,72,135,8,6,6,6,8,4.5,6.0,12.0,12.5,30.5,65.5,0.5609460278956944
18,33,69,72,126,8,6,6,6,8,4.5,6.0,12.0,12.5,28.5,63.5,0.5433596118859915
18,33,69,69,135,8,6,6,6,6,4.5,6.0,12.0,12.0,23.0,57.5,0.5949060036385688
18,33,69,69,132,8,6,6,6,6,4.5,6.0,12.0,12.0,22.5,57.0,0.582171012734991
18,33,69,69,135,8,6,6,6,8,4.5,6.0,12.0,12.0,30.5,65.0,0.5900545785324439
18,33,69,69,126,8,6,6,6,8,4.5,6.0,12.0,12.0,28.5,63.0,0.5912674348089751
18,33,69,72,135,8,6,6,8,6,4.5,6.0,12.0,16.5,23.0,62.0,0.5518496058217102
18,33,69,72,132,8,6,6,8,6,4.5,6.0,12.0,16.5,22.5,61.5,0.5391146149181322
18,33,69,72,135,8,6,6,8,8,4.5,6.0,12.0,16.5,30.5,69.5,0.5518496058217102
18,33,69,72,126,8,6,6,8,8,4.5,6.0,12.0,16.5,28.5,67.5,0.5342631898120073
18,33,69,63,135,8,6,6,8,6,4.5,6.0,12.0,14.5,23.0,60.0,0.5554881746513038
18,33,69,63,132,8,6,6,8,6,4.5,6.0,12.0,14.5,22.5,59.5,0.5609460278956944
18,33,69,63,135,8,6,6,8,8,4.5,6.0,12.0,14.5,30.5,67.5,0.5597331716191631
18,33,69,63,126,8,6,6,8,8,4.5,6.0,12.0,14.5,28.5,65.5,0.5809581564584597
18,33,72,72,135,8,6,8,6,6,4.5,6.0,16.5,12.5,23.0,62.5,0.6082474226804123
18,33,72,72,132,8,6,8,6,6,4.5,6.0,16.5,12.5,22.5,62.0,0.6088538508186779
18,33,72,72,135,8,6,8,6,8,4.5,6.0,16.5,12.5,30.5,70.0,0.6076409945421467
18,33,72,72,126,8,6,8,6,8,4.5,6.0,16.5,12.5,28.5,68.0,0.6033959975742874
18,33,72,69,135,8,6,8,6,6,4.5,6.0,16.5,12.0,23.0,62.0,0.6337174044875682
18,33,72,69,132,8,6,8,6,6,4.5,6.0,16.5,12.0,22.5,61.5,0.6343238326258338
18,33,72,69,135,8,6,8,6,8,4.5,6.0,16.5,12.0,30.5,69.5,0.632504548211037
18,33,72,69,126,8,6,8,6,8,4.5,6.0,16.5,12.0,28.5,67.5,0.6337174044875682
18,33,72,72,135,8,6,8,8,6,4.5,6.0,16.5,16.5,23.0,66.5,0.600970285021225
18,33,72,72,132,8,6,8,8,6,4.5,6.0,16.5,16.5,22.5,66.0,0.6082474226804123
18,33,72,72,135,8,6,8,8,8,4.5,6.0,16.5,16.5,30.5,74.0,0.6033959975742874
18,33,72,72,126,8,6,8,8,8,4.5,6.0,16.5,16.5,28.5,72.0,0.5991510006064281
18,33,72,63,135,8,6,8,8,6,4.5,6.0,16.5,14.5,23.0,64.5,0.5833838690115222
18,33,72,63,132,8,6,8,8,6,4.5,6.0,16.5,14.5,22.5,64.0,0.5876288659793815
18,33,72,63,135,8,6,8,8,8,4.5,6.0,16.5,14.5,30.5,72.0,0.5845967252880534
18,33,72,63,126,8,6,8,8,8,4.5,6.0,16.5,14.5,28.5,70.0,0.6112795633717405
18,33,63,72,135,8,6,8,6,6,4.5,6.0,14.5,12.5,23.0,60.5,0.5427531837477259
18,33,63,72,132,8,6,8,6,6,4.5,6.0,14.5,12.5,22.5,60.0,0.5197089144936325
18,33,63,72,135,8,6,8,6,8,4.5,6.0,14.5,12.5,30.5,68.0,0.5469981807155853
18,33,63,72,126,8,6,8,6,8,4.5,6.0,14.5,12.5,28.5,66.0,0.509399636143117
18,33,63,69,135,8,6,8,6,6,4.5,6.0,14.5,12.0,23.0,60.0,0.5233474833232262
18,33,63,69,132,8,6,8,6,6,4.5,6.0,14.5,12.0,22.5,59.5,0.4802910855063675
18,33,63,69,135,8,6,8,6,8,4.5,6.0,14.5,12.0,30.5,67.5,0.5203153426318982
18,33,63,69,126,8,6,8,6,8,4.5,6.0,14.5,12.0,28.5,65.5,0.4693753790175864
18,33,63,72,135,8,6,8,8,6,4.5,6.0,14.5,16.5,23.0,64.5,0.5451788963007883
18,33,63,72,132,8,6,8,8,6,4.5,6.0,14.5,16.5,22.5,64.0,0.5166767738023045
18,33,63,72,135,8,6,8,8,8,4.5,6.0,14.5,16.5,30.5,72.0,0.5518496058217102
18,33,63,72,126,8,6,8,8,8,4.5,6.0,14.5,16.5,28.5,70.0,0.5075803517283202
18,33,63,63,135,8,6,8,8,6,4.5,6.0,14.5,14.5,23.0,62.5,0.47786537295330506
18,33,63,63,132,8,6,8,8,6,4.5,6.0,14.5,14.5,22.5,62.0,0.4378411158277744
18,33,63,63,135,8,6,8,8,8,4.5,6.0,14.5,14.5,30.5,70.0,0.48271679805942996
18,33,63,63,126,8,6,8,8,8,4.5,6.0,14.5,14.5,28.5,68.0,0.4317768344451183
18,36,72,72,135,8,8,6,6,6,4.5,8.5,12.5,12.5,23.0,61.0,0.6761673741661614
18,36,72,72,132,8,8,6,6,6,4.5,8.5,12.5,12.5,22.5,60.5,0.6773802304426926
18,36,72,72,135,8,8,6,6,8,4.5,8.5,12.5,12.5,30.5,68.5,0.6810187992722863
18,36,72,72,126,8,8,6,6,8,4.5,8.5,12.5,12.5,28.5,66.5,0.6628259551243177
18,36,72,69,135,8,8,6,6,6,4.5,8.5,12.5,12.0,23.0,60.5,0.6749545178896301
18,36,72,69,132,8,8,6,6,6,4.5,8.5,12.5,12.0,22.5,60.0,0.6682838083687083
18,36,72,69,135,8,8,6,6,8,4.5,8.5,12.5,12.0,30.5,68.0,0.6707095209217707
18,36,72,69,126,8,8,6,6,8,4.5,8.5,12.5,12.0,28.5,66.0,0.6519102486355367
18,36,72,72,135,8,8,6,8,6,4.5,8.5,12.5,16.5,23.0,65.0,0.6816252274105519
18,36,72,72,132,8,8,6,8,6,4.5,8.5,12.5,16.5,22.5,64.5,0.6804123711340206
18,36,72,72,135,8,8,6,8,8,4.5,8.5,12.5,16.5,30.5,72.5,0.6779866585809582
18,36,72,72,126,8,8,6,8,8,4.5,8.5,12.5,16.5,28.5,70.5,0.656155245603396
18,36,72,63,135,8,8,6,8,6,4.5,8.5,12.5,14.5,23.0,63.0,0.6027895694360218
18,36,72,63,132,8,8,6,8,6,4.5,8.5,12.5,14.5,22.5,62.5,0.5942995755003032
18,36,72,63,135,8,8,6,8,8,4.5,8.5,12.5,14.5,30.5,70.5,0.6058217101273499
18,36,72,63,126,8,8,6,8,8,4.5,8.5,12.5,14.5,28.5,68.5,0.6052152819890843
18,36,69,72,135,8,8,6,6,6,4.5,8.5,12.0,12.5,23.0,60.5,0.6616130988477865
18,36,69,72,132,8,8,6,6,6,4.5,8.5,12.0,12.5,22.5,60.0,0.656155245603396
18,36,69,72,135,8,8,6,6,8,4.5,8.5,12.0,12.5,30.5,68.0,0.6622195269860521
18,36,69,72,126,8,8,6,6,8,4.5,8.5,12.0,12.5,28.5,66.0,0.6428138265615525
18,36,69,69,135,8,8,6,6,6,4.5,8.5,12.0,12.0,23.0,60.0,0.6628259551243177
18,36,69,69,132,8,8,6,6,6,4.5,8.5,12.0,12.0,22.5,59.5,0.656155245603396
18,36,69,69,135,8,8,6,6,8,4.5,8.5,12.0,12.0,30.5,67.5,0.6634323832625834
18,36,69,69,126,8,8,6,6,8,4.5,8.5,12.0,12.0,28.5,65.5,0.6434202546998181
18,36,69,72,135,8,8,6,8,6,4.5,8.5,12.0,16.5,23.0,64.5,0.6579745300181928
18,36,69,72,132,8,8,6,8,6,4.5,8.5,12.0,16.5,22.5,64.0,0.6549423893268648
18,36,69,72,135,8,8,6,8,8,4.5,8.5,12.0,16.5,30.5,72.0,0.6604002425712553
18,36,69,72,126,8,8,6,8,8,4.5,8.5,12.0,16.5,28.5,70.0,0.6446331109763493
18,36,69,63,135,8,8,6,8,6,4.5,8.5,12.0,14.5,23.0,62.5,0.5979381443298969
18,36,69,63,132,8,8,6,8,6,4.5,8.5,12.0,14.5,22.5,62.0,0.585203153426319
18,36,69,63,135,8,8,6,8,8,4.5,8.5,12.0,14.5,30.5,70.0,0.5955124317768344
18,36,69,63,126,8,8,6,8,8,4.5,8.5,12.0,14.5,28.5,68.0,0.5949060036385688
18,36,72,72,135,8,8,8,6,6,4.5,8.5,16.5,12.5,23.0,65.0,0.6791995148574894
18,36,72,72,132,8,8,8,6,6,4.5,8.5,16.5,12.5,22.5,64.5,0.6804123711340206
18,36,72,72,135,8,8,8,6,8,4.5,8.5,16.5,12.5,30.5,72.5,0.6840509399636143
18,36,72,72,126,8,8,8,6,8,4.5,8.5,16.5,12.5,28.5,70.5,0.664038811400849
18,36,72,69,135,8,8,8,6,6,4.5,8.5,16.5,12.0,23.0,64.5,0.6719223771983021
18,36,72,69,132,8,8,8,6,6,4.5,8.5,16.5,12.0,22.5,64.0,0.6707095209217707
18,36,72,69,135,8,8,8,6,8,4.5,8.5,16.5,12.0,30.5,72.0,0.6743480897513645
18,36,72,69,126,8,8,8,6,8,4.5,8.5,16.5,12.0,28.5,70.0,0.6500909642207399
18,36,72,72,135,8,8,8,8,6,4.5,8.5,16.5,16.5,23.0,69.0,0.6816252274105519
18,36,72,72,132,8,8,8,8,6,4.5,8.5,16.5,16.5,22.5,68.5,0.6852637962401456
18,36,72,72,135,8,8,8,8,8,4.5,8.5,16.5,16.5,30.5,76.5,0.6840509399636143
18,36,72,72,126,8,8,8,8,8,4.5,8.5,16.5,16.5,28.5,74.5,0.6646452395391146
18,36,72,63,135,8,8,8,8,6,4.5,8.5,16.5,14.5,23.0,67.0,0.6070345664038811
18,36,72,63,132,8,8,8,8,6,4.5,8.5,16.5,14.5,22.5,66.5,0.5985445724681625
18,36,72,63,135,8,8,8,8,8,4.5,8.5,16.5,14.5,30.5,74.5,0.6149181322013342
18,36,72,63,126,8,8,8,8,8,4.5,8.5,16.5,14.5,28.5,72.5,0.5985445724681625
18,36,63,72,135,8,8,8,6,6,4.5,8.5,14.5,12.5,23.0,63.0,0.5706488781079442
18,36,63,72,132,8,8,8,6,6,4.5,8.5,14.5,12.5,22.5,62.5,0.5427531837477259
18,36,63,72,135,8,8,8,6,8,4.5,8.5,14.5,12.5,30.5,70.5,0.5688295936931473
18,36,63,72,126,8,8,8,6,8,4.5,8.5,14.5,12.5,28.5,68.5,0.522134627046695
18,36,63,69,135,8,8,8,6,6,4.5,8.5,14.5,12.0,23.0,62.5,0.5269860521528199
18,36,63,69,132,8,8,8,6,6,4.5,8.5,14.5,12.0,22.5,62.0,0.5045482110369921
18,36,63,69,135,8,8,8,6,8,4.5,8.5,14.5,12.0,30.5,70.0,0.5239539114614918
18,36,63,69,126,8,8,8,6,8,4.5,8.5,14.5,12.0,28.5,68.0,0.4742268041237113
18,36,63,72,135,8,8,8,8,6,4.5,8.5,14.5,16.5,23.0,67.0,0.5712553062462098
18,36,63,72,132,8,8,8,8,6,4.5,8.5,14.5,16.5,22.5,66.5,0.5512431776834446
18,36,63,72,135,8,8,8,8,8,4.5,8.5,14.5,16.5,30.5,74.5,0.5755003032140691
18,36,63,72,126,8,8,8,8,8,4.5,8.5,14.5,16.5,28.5,72.5,0.530018192844148
18,36,63,63,135,8,8,8,8,6,4.5,8.5,14.5,14.5,23.0,65.0,0.4808975136446331
18,36,63,63,132,8,8,8,8,6,4.5,8.5,14.5,14.5,22.5,64.5,0.454214675560946
18,36,63,63,135,8,8,8,8,8,4.5,8.5,14.5,14.5,30.5,72.5,0.4845360824742268
18,36,63,63,126,8,8,8,8,8,4.5,8.5,14.5,14.5,28.5,70.5,0.44572468162522744
18,27,72,72,135,8,8,6,6,6,4.5,6.5,12.5,12.5,23.0,59.0,0.31958762886597936
18,27,72,72,132,8,8,6,6,6,4.5,6.5,12.5,12.5,22.5,58.5,0.30321406913280774
18,27,72,72,135,8,8,6,6,8,4.5,6.5,12.5,12.5,30.5,66.5,0.32080048514251064
18,27,72,72,126,8,8,6,6,8,4.5,6.5,12.5,12.5,28.5,64.5,0.28441479684657367
18,27,72,69,135,8,8,6,6,6,4.5,6.5,12.5,12.0,23.0,58.5,0.31534263189812006
18,27,72,69,132,8,8,6,6,6,4.5,6.5,12.5,12.0,22.5,58.0,0.29957550030321406
18,27,72,69,135,8,8,6,6,8,4.5,6.5,12.5,12.0,30.5,66.0,0.31898120072771374
18,27,72,69,126,8,8,6,6,8,4.5,6.5,12.5,12.0,28.5,64.0,0.2777440873256519
18,27,72,72,135,8,8,6,8,6,4.5,6.5,12.5,16.5,23.0,63.0,0.32080048514251064
18,27,72,72,132,8,8,6,8,6,4.5,6.5,12.5,16.5,22.5,62.5,0.30988477865372954
18,27,72,72,135,8,8,6,8,8,4.5,6.5,12.5,16.5,30.5,70.5,0.3232261976955731
18,27,72,72,126,8,8,6,8,8,4.5,6.5,12.5,16.5,28.5,68.5,0.2868405093996361
18,27,72,63,135,8,8,6,8,6,4.5,6.5,12.5,14.5,23.0,61.0,0.3389933292904791
18,27,72,63,132,8,8,6,8,6,4.5,6.5,12.5,14.5,22.5,60.5,0.32140691328077625
18,27,72,63,135,8,8,6,8,8,4.5,6.5,12.5,14.5,30.5,68.5,0.3395997574287447
18,27,72,63,126,8,8,6,8,8,4.5,6.5,12.5,14.5,28.5,66.5,0.3129169193450576
18,27,69,72,135,8,8,6,6,6,4.5,6.5,12.0,12.5,23.0,58.5,0.30321406913280774
18,27,69,72,132,8,8,6,6,6,4.5,6.5,12.0,12.5,22.5,58.0,0.28865979381443296
18,27,69,72,135,8,8,6,6,8,4.5,6.5,12.0,12.5,30.5,66.0,0.30321406913280774
18,27,69,72,126,8,8,6,6,8,4.5,6.5,12.0,12.5,28.5,64.0,0.27289266221952696
18,27,69,69,135,8,8,6,6,6,4.5,6.5,12.0,12.0,23.0,58.0,0.30624620982413586
18,27,69,69,132,8,8,6,6,6,4.5,6.5,12.0,12.0,22.5,57.5,0.2916919345057611
18,27,69,69,135,8,8,6,6,8,4.5,6.5,12.0,12.0,30.5,65.5,0.3117040630685264
18,27,69,69,126,8,8,6,6,8,4.5,6.5,12.0,12.0,28.5,63.5,0.2692540933899333
18,27,69,72,135,8,8,6,8,6,4.5,6.5,12.0,16.5,23.0,62.5,0.3026076409945421
18,27,69,72,132,8,8,6,8,6,4.5,6.5,12.0,16.5,22.5,62.0,0.29411764705882354
18,27,69,72,135,8,8,6,8,8,4.5,6.5,12.0,16.5,30.5,70.0,0.3080654942389327
18,27,69,72,126,8,8,6,8,8,4.5,6.5,12.0,16.5,28.5,68.0,0.27349909035779263
18,27,69,63,135,8,8,6,8,6,4.5,6.5,12.0,14.5,23.0,60.5,0.3395997574287447
18,27,69,63,132,8,8,6,8,6,4.5,6.5,12.0,14.5,22.5,60.0,0.32686476652516677
18,27,69,63,135,8,8,6,8,8,4.5,6.5,12.0,14.5,30.5,68.0,0.33414190418435413
18,27,69,63,126,8,8,6,8,8,4.5,6.5,12.0,14.5,28.5,66.0,0.3080654942389327
18,27,72,72,135,8,8,8,6,6,4.5,6.5,16.5,12.5,23.0,63.0,0.31898120072771374
18,27,72,72,132,8,8,8,6,6,4.5,6.5,16.5,12.5,22.5,62.5,0.3074590661006671
18,27,72,72,135,8,8,8,6,8,4.5,6.5,16.5,12.5,30.5,70.5,0.32140691328077625
18,27,72,72,126,8,8,8,6,8,4.5,6.5,16.5,12.5,28.5,68.5,0.28259551243177683
18,27,72,69,135,8,8,8,6,6,4.5,6.5,16.5,12.0,23.0,62.5,0.31837477258944813
18,27,72,69,132,8,8,8,6,6,4.5,6.5,16.5,12.0,22.5,62.0,0.30503335354760464
18,27,72,69,135,8,8,8,6,8,4.5,6.5,16.5,12.0,30.5,70.0,0.32201334141904187
18,27,72,69,126,8,8,8,6,8,4.5,6.5,16.5,12.0,28.5,68.0,0.28805336567616735
18,27,72,72,135,8,8,8,8,6,4.5,6.5,16.5,16.5,23.0,67.0,0.3244390539721043
18,27,72,72,132,8,8,8,8,6,4.5,6.5,16.5,16.5,22.5,66.5,0.3086719223771983
18,27,72,72,135,8,8,8,8,8,4.5,6.5,16.5,16.5,30.5,74.5,0.31958762886597936
18,27,72,72,126,8,8,8,8,8,4.5,6.5,16.5,16.5,28.5,72.5,0.2868405093996361
18,27,72,63,135,8,8,8,8,6,4.5,6.5,16.5,14.5,23.0,65.0,0.3323226197695573
18,27,72,63,132,8,8,8,8,6,4.5,6.5,16.5,14.5,22.5,64.5,0.32140691328077625
18,27,72,63,135,8,8,8,8,8,4.5,6.5,16.5,14.5,30.5,72.5,0.33596118859915103
18,27,72,63,126,8,8,8,8,8,4.5,6.5,16.5,14.5,28.5,70.5,0.30988477865372954
18,27,63,72,135,8,8,8,6,6,4.5,6.5,14.5,12.5,23.0,61.0,0.25833838690115224
18,27,63,72,132,8,8,8,6,6,4.5,6.5,14.5,12.5,22.5,60.5,0.2498483929654336
18,27,63,72,135,8,8,8,6,8,4.5,6.5,14.5,12.5,30.5,68.5,0.25773195876288657
18,27,63,72,126,8,8,8,6,8,4.5,6.5,14.5,12.5,28.5,66.5,0.24439053972104305
18,27,63,69,135,8,8,8,6,6,4.5,6.5,14.5,12.0,23.0,60.5,0.2607640994542147
18,27,63,69,132,8,8,8,6,6,4.5,6.5,14.5,12.0,22.5,60.0,0.25894481503941785
18,27,63,69,135,8,8,8,6,8,4.5,6.5,14.5,12.0,30.5,68.0,0.26318981200727715
18,27,63,69,126,8,8,8,6,8,4.5,6.5,14.5,12.0,28.5,66.0,0.25166767738023044
18,27,63,72,135,8,8,8,8,6,4.5,6.5,14.5,16.5,23.0,65.0,0.25773195876288657
18,27,63,72,132,8,8,8,8,6,4.5,6.5,14.5,16.5,22.5,64.5,0.25166767738023044
18,27,63,72,135,8,8,8,8,8,4.5,6.5,14.5,16.5,30.5,72.5,0.25955124317768347
18,27,63,72,126,8,8,8,8,8,4.5,6.5,14.5,16.5,28.5,70.5,0.24439053972104305
18,27,63,63,135,8,8,8,8,6,4.5,6.5,14.5,14.5,23.0,63.0,0.3001819284414797
18,27,63,63,132,8,8,8,8,6,4.5,6.5,14.5,14.5,22.5,62.5,0.2868405093996361
18,27,63,63,135,8,8,8,8,8,4.5,6.5,14.5,14.5,30.5,70.5,0.3001819284414797
18,27,63,63,126,8,8,8,8,8,4.5,6.5,14.5,14.5,28.5,68.5,0.27956337174044876
9,36,72,72,135,8,6,6,6,6,2.5,6.5,12.5,12.5,23.0,57.0,0.1801091570648878
9,36,72,72,132,8,6,6,6,6,2.5,6.5,12.5,12.5,22.5,56.5,0.17525773195876287
9,36,72,72,135,8,6,6,6,8,2.5,6.5,12.5,12.5,30.5,64.5,0.18132201334141904
9,36,72,72,126,8,6,6,6,8,2.5,6.5,12.5,12.5,28.5,62.5,0.16494845360824742
9,36,72,69,135,8,6,6,6,6,2.5,6.5,12.5,12.0,23.0,56.5,0.19284414796846575
9,36,72,69,132,8,6,6,6,6,2.5,6.5,12.5,12.0,22.5,56.0,0.18253486961795026
9,36,72,69,135,8,6,6,6,8,2.5,6.5,12.5,12.0,30.5,64.0,0.19163129169193452
9,36,72,69,126,8,6,6,6,8,2.5,6.5,12.5,12.0,28.5,62.0,0.18253486961795026
9,36,72,72,135,8,6,6,8,6,2.5,6.5,12.5,16.5,23.0,61.0,0.17707701637355974
9,36,72,72,132,8,6,6,8,6,2.5,6.5,12.5,16.5,22.5,60.5,0.17101273499090358
9,36,72,72,135,8,6,6,8,8,2.5,6.5,12.5,16.5,30.5,68.5,0.17343844754396603
9,36,72,72,126,8,6,6,8,8,2.5,6.5,12.5,16.5,28.5,66.5,0.15524560339599758
9,36,72,63,135,8,6,6,8,6,2.5,6.5,12.5,14.5,23.0,59.0,0.24924196482716798
9,36,72,63,132,8,6,6,8,6,2.5,6.5,12.5,14.5,22.5,58.5,0.21649484536082475
9,36,72,63,135,8,6,6,8,8,2.5,6.5,12.5,14.5,30.5,66.5,0.2504548211036992
9,36,72,63,126,8,6,6,8,8,2.5,6.5,12.5,14.5,28.5,64.5,0.21346270466949666
9,36,69,72,135,8,6,6,6,6,2.5,6.5,12.0,12.5,23.0,56.5,0.16616130988477865
9,36,69,72,132,8,6,6,6,6,2.5,6.5,12.0,12.5,22.5,56.0,0.1564584596725288
9,36,69,72,135,8,6,6,6,8,2.5,6.5,12.0,12.5,30.5,64.0,0.16191631291691935
9,36,69,72,126,8,6,6,6,8,2.5,6.5,12.0,12.5,28.5,62.0,0.14190418435415403
9,36,69,69,135,8,6,6,6,6,2.5,6.5,12.0,12.0,23.0,56.0,0.17343844754396603
9,36,69,69,132,8,6,6,6,6,2.5,6.5,12.0,12.0,22.5,55.5,0.1637355973317162
9,36,69,69,135,8,6,6,6,8,2.5,6.5,12.0,12.0,30.5,63.5,0.17828987265009097
9,36,69,69,126,8,6,6,6,8,2.5,6.5,12.0,12.0,28.5,61.5,0.17101273499090358
9,36,69,72,135,8,6,6,8,6,2.5,6.5,12.0,16.5,23.0,60.5,0.15463917525773196
9,36,69,72,132,8,6,6,8,6,2.5,6.5,12.0,16.5,22.5,60.0,0.14251061249241964
9,36,69,72,135,8,6,6,8,8,2.5,6.5,12.0,16.5,30.5,68.0,0.15403274711946635
9,36,69,72,126,8,6,6,8,8,2.5,6.5,12.0,16.5,28.5,66.0,0.12977562158884173
9,36,69,63,135,8,6,6,8,6,2.5,6.5,12.0,14.5,23.0,58.5,0.22195269860521527
9,36,69,63,132,8,6,6,8,6,2.5,6.5,12.0,14.5,22.5,58.0,0.20012128562765313
9,36,69,63,135,8,6,6,8,8,2.5,6.5,12.0,14.5,30.5,66.0,0.22801697998787143
9,36,69,63,126,8,6,6,8,8,2.5,6.5,12.0,14.5,28.5,64.0,0.19284414796846575
9,36,72,72,135,8,6,8,6,6,2.5,6.5,16.5,12.5,23.0,61.0,0.18496058217101274
9,36,72,72,132,8,6,8,6,6,2.5,6.5,16.5,12.5,22.5,60.5,0.17828987265009097
9,36,72,72,135,8,6,8,6,8,2.5,6.5,16.5,12.5,30.5,68.5,0.18314129775621588
9,36,72,72,126,8,6,8,6,8,2.5,6.5,16.5,12.5,28.5,66.5,0.16919345057610674
9,36,72,69,135,8,6,8,6,6,2.5,6.5,16.5,12.0,23.0,60.5,0.19041843541540326
9,36,72,69,132,8,6,8,6,6,2.5,6.5,16.5,12.0,22.5,60.0,0.18192844147968465
9,36,72,69,135,8,6,8,6,8,2.5,6.5,16.5,12.0,30.5,68.0,0.18981200727713765
9,36,72,69,126,8,6,8,6,8,2.5,6.5,16.5,12.0,28.5,66.0,0.18374772589448152
9,36,72,72,135,8,6,8,8,6,2.5,6.5,16.5,16.5,23.0,65.0,0.1795027289266222
9,36,72,72,132,8,6,8,8,6,2.5,6.5,16.5,16.5,22.5,64.5,0.1722255912674348
9,36,72,72,135,8,6,8,8,8,2.5,6.5,16.5,16.5,30.5,72.5,0.1801091570648878
9,36,72,72,126,8,6,8,8,8,2.5,6.5,16.5,16.5,28.5,70.5,0.1564584596725288
9,36,72,63,135,8,6,8,8,6,2.5,6.5,16.5,14.5,23.0,63.0,0.24863553668890237
9,36,72,63,132,8,6,8,8,6,2.5,6.5,16.5,14.5,22.5,62.5,0.21406913280776227
9,36,72,63,135,8,6,8,8,8,2.5,6.5,16.5,14.5,30.5,70.5,0.24742268041237114
9,36,72,63,126,8,6,8,8,8,2.5,6.5,16.5,14.5,28.5,68.5,0.21406913280776227
9,36,63,72,135,8,6,8,6,6,2.5,6.5,14.5,12.5,23.0,59.0,0.17768344451182536
9,36,63,72,132,8,6,8,6,6,2.5,6.5,14.5,12.5,22.5,58.5,0.16191631291691935
9,36,63,72,135,8,6,8,6,8,2.5,6.5,14.5,12.5,30.5,66.5,0.17707701637355974
9,36,63,72,126,8,6,8,6,8,2.5,6.5,14.5,12.5,28.5,64.5,0.16252274105518497
9,36,63,69,135,8,6,8,6,6,2.5,6.5,14.5,12.0,23.0,58.5,0.16919345057610674
9,36,63,69,132,8,6,8,6,6,2.5,6.5,14.5,12.0,22.5,58.0,0.1485748938750758
9,36,63,69,135,8,6,8,6,8,2.5,6.5,14.5,12.0,30.5,66.0,0.17101273499090358
9,36,63,69,126,8,6,8,6,8,2.5,6.5,14.5,12.0,28.5,64.0,0.15827774408732564
9,36,63,72,135,8,6,8,8,6,2.5,6.5,14.5,16.5,23.0,63.0,0.17707701637355974
9,36,63,72,132,8,6,8,8,6,2.5,6.5,14.5,16.5,22.5,62.5,0.16494845360824742
9,36,63,72,135,8,6,8,8,8,2.5,6.5,14.5,16.5,30.5,70.5,0.17404487568223165
9,36,63,72,126,8,6,8,8,8,2.5,6.5,14.5,16.5,28.5,68.5,0.16252274105518497
9,36,63,63,135,8,6,8,8,6,2.5,6.5,14.5,14.5,23.0,61.0,0.19890842935112188
9,36,63,63,132,8,6,8,8,6,2.5,6.5,14.5,14.5,22.5,60.5,0.18435415403274713
9,36,63,63,135,8,6,8,8,8,2.5,6.5,14.5,14.5,30.5,68.5,0.19951485748938752
9,36,63,63,126,8,6,8,8,8,2.5,6.5,14.5,14.5,28.5,66.5,0.18374772589448152
9,33,72,72,135,8,6,6,6,6,2.5,6.0,12.5,12.5,23.0,56.5,0.16979987871437235
9,33,72,72,132,8,6,6,6,6,2.5,6.0,12.5,12.5,22.5,56.0,0.16858702243784113
9,33,72,72,135,8,6,6,6,8,2.5,6.0,12.5,12.5,30.5,64.0,0.1722255912674348
9,33,72,72,126,8,6,6,6,8,2.5,6.0,12.5,12.5,28.5,62.0,0.15463917525773196
9,33,72,69,135,8,6,6,6,6,2.5,6.0,12.5,12.0,23.0,56.0,0.17525773195876287
9,33,72,69,132,8,6,6,6,6,2.5,6.0,12.5,12.0,22.5,55.5,0.16616130988477865
9,33,72,69,135,8,6,6,6,8,2.5,6.0,12.5,12.0,30.5,63.5,0.17525773195876287
9,33,72,69,126,8,6,6,6,8,2.5,6.0,12.5,12.0,28.5,61.5,0.17343844754396603
9,33,72,72,135,8,6,6,8,6,2.5,6.0,12.5,16.5,23.0,60.5,0.16312916919345058
9,33,72,72,132,8,6,6,8,6,2.5,6.0,12.5,16.5,22.5,60.0,0.15949060036385687
9,33,72,72,135,8,6,6,8,8,2.5,6.0,12.5,16.5,30.5,68.0,0.16312916919345058
9,33,72,72,126,8,6,6,8,8,2.5,6.0,12.5,16.5,28.5,66.0,0.13765918738629473
9,33,72,63,135,8,6,6,8,6,2.5,6.0,12.5,14.5,23.0,58.5,0.23529411764705882
9,33,72,63,132,8,6,6,8,6,2.5,6.0,12.5,14.5,22.5,58.0,0.20133414190418436
9,33,72,63,135,8,6,6,8,8,2.5,6.0,12.5,14.5,30.5,66.0,0.24135839902971498
9,33,72,63,126,8,6,6,8,8,2.5,6.0,12.5,14.5,28.5,64.0,0.20194057004244997
9,33,69,72,135,8,6,6,6,6,2.5,6.0,12.0,12.5,23.0,56.0,0.1485748938750758
9,33,69,72,132,8,6,6,6,6,2.5,6.0,12.0,12.5,22.5,55.5,0.14251061249241964
9,33,69,72,135,8,6,6,6,8,2.5,6.0,12.0,12.5,30.5,63.5,0.1479684657368102
9,33,69,72,126,8,6,6,6,8,2.5,6.0,12.0,12.5,28.5,61.5,0.13038204972710735
9,33,69,69,135,8,6,6,6,6,2.5,6.0,12.0,12.0,23.0,55.5,0.16130988477865374
9,33,69,69,132,8,6,6,6,6,2.5,6.0,12.0,12.0,22.5,55.0,0.15403274711946635
9,33,69,69,135,8,6,6,6,8,2.5,6.0,12.0,12.0,30.5,63.0,0.16252274105518497
9,33,69,69,126,8,6,6,6,8,2.5,6.0,12.0,12.0,28.5,61.0,0.16070345664038813
9,33,69,72,135,8,6,6,8,6,2.5,6.0,12.0,16.5,23.0,60.0,0.13826561552456035
9,33,69,72,132,8,6,6,8,6,2.5,6.0,12.0,16.5,22.5,59.5,0.12371134020618557
9,33,69,72,135,8,6,6,8,8,2.5,6.0,12.0,16.5,30.5,67.5,0.13523347483323225
9,33,69,72,126,8,6,6,8,8,2.5,6.0,12.0,16.5,28.5,65.5,0.11582777440873257
9,33,69,63,135,8,6,6,8,6,2.5,6.0,12.0,14.5,23.0,58.0,0.21588841722255914
9,33,69,63,132,8,6,6,8,6,2.5,6.0,12.0,14.5,22.5,57.5,0.18374772589448152
9,33,69,63,135,8,6,6,8,8,2.5,6.0,12.0,14.5,30.5,65.5,0.21649484536082475
9,33,69,63,126,8,6,6,8,8,2.5,6.0,12.0,14.5,28.5,63.5,0.18132201334141904
9,33,72,72,135,8,6,8,6,6,2.5,6.0,16.5,12.5,23.0,60.5,0.17647058823529413
9,33,72,72,132,8,6,8,6,6,2.5,6.0,16.5,12.5,22.5,60.0,0.16858702243784113
9,33,72,72,135,8,6,8,6,8,2.5,6.0,16.5,12.5,30.5,68.0,0.17647058823529413
9,33,72,72,126,8,6,8,6,8,2.5,6.0,16.5,12.5,28.5,66.0,0.1564584596725288
9,33,72,69,135,8,6,8,6,6,2.5,6.0,16.5,12.0,23.0,60.0,0.17647058823529413
9,33,72,69,132,8,6,8,6,6,2.5,6.0,16.5,12.0,22.5,59.5,0.16676773802304426
9,33,72,69,135,8,6,8,6,8,2.5,6.0,16.5,12.0,30.5,67.5,0.17828987265009097
9,33,72,69,126,8,6,8,6,8,2.5,6.0,16.5,12.0,28.5,65.5,0.17889630078835658
9,33,72,72,135,8,6,8,8,6,2.5,6.0,16.5,16.5,23.0,64.5,0.16555488174651303
9,33,72,72,132,8,6,8,8,6,2.5,6.0,16.5,16.5,22.5,64.0,0.16130988477865374
9,33,72,72,135,8,6,8,8,8,2.5,6.0,16.5,16.5,30.5,72.0,0.16555488174651303
9,33,72,72,126,8,6,8,8,8,2.5,6.0,16.5,16.5,28.5,70.0,0.14614918132201335
9,33,72,63,135,8,6,8,8,6,2.5,6.0,16.5,14.5,23.0,62.5,0.2340812613705276
9,33,72,63,132,8,6,8,8,6,2.5,6.0,16.5,14.5,22.5,62.0,0.20012128562765313
9,33,72,63,135,8,6,8,8,8,2.5,6.0,16.5,14.5,30.5,70.0,0.23650697392359005
9,33,72,63,126,8,6,8,8,8,2.5,6.0,16.5,14.5,28.5,68.0,0.20072771376591875
9,33,63,72,135,8,6,8,6,6,2.5,6.0,14.5,12.5,23.0,58.5,0.17101273499090358
9,33,63,72,132,8,6,8,6,6,2.5,6.0,14.5,12.5,22.5,58.0,0.15463917525773196
9,33,63,72,135,8,6,8,6,8,2.5,6.0,14.5,12.5,30.5,66.0,0.17101273499090358
9,33,63,72,126,8,6,8,6,8,2.5,6.0,14.5,12.5,28.5,64.0,0.15160703456640387
9,33,63,69,135,8,6,8,6,6,2.5,6.0,14.5,12.0,23.0,58.0,0.15281989084293512
9,33,63,69,132,8,6,8,6,6,2.5,6.0,14.5,12.0,22.5,57.5,0.13583990297149787
9,33,63,69,135,8,6,8,6,8,2.5,6.0,14.5,12.0,30.5,65.5,0.15403274711946635
9,33,63,69,126,8,6,8,6,8,2.5,6.0,14.5,12.0,28.5,63.5,0.14554275318374774
9,33,63,72,135,8,6,8,8,6,2.5,6.0,14.5,16.5,23.0,62.5,0.16858702243784113
9,33,63,72,132,8,6,8,8,6,2.5,6.0,14.5,16.5,22.5,62.0,0.14918132201334142
9,33,63,72,135,8,6,8,8,8,2.5,6.0,14.5,16.5,30.5,70.0,0.16919345057610674
9,33,63,72,126,8,6,8,8,8,2.5,6.0,14.5,16.5,28.5,68.0,0.14432989690721648
9,33,63,63,135,8,6,8,8,6,2.5,6.0,14.5,14.5,23.0,60.5,0.19041843541540326
9,33,63,63,132,8,6,8,8,6,2.5,6.0,14.5,14.5,22.5,60.0,0.17586416009702852
9,33,63,63,135,8,6,8,8,8,2.5,6.0,14.5,14.5,30.5,68.0,0.19405700424499697
9,33,63,63,126,8,6,8,8,8,2.5,6.0,14.5,14.5,28.5,66.0,0.17101273499090358
9,36,72,72,135,8,8,6,6,6,2.5,8.5,12.5,12.5,23.0,59.0,0.18677986658580958
9,36,72,72,132,8,8,6,6,6,2.5,8.5,12.5,12.5,22.5,58.5,0.1801091570648878
9,36,72,72,135,8,8,6,6,8,2.5,8.5,12.5,12.5,30.5,66.5,0.1873862947240752
9,36,72,72,126,8,8,6,6,8,2.5,8.5,12.5,12.5,28.5,64.5,0.16798059429957551
9,36,72,69,135,8,8,6,6,6,2.5,8.5,12.5,12.0,23.0,58.5,0.1879927228623408
9,36,72,69,132,8,8,6,6,6,2.5,8.5,12.5,12.0,22.5,58.0,0.17828987265009097
9,36,72,69,135,8,8,6,6,8,2.5,8.5,12.5,12.0,30.5,66.0,0.1879927228623408
9,36,72,69,126,8,8,6,6,8,2.5,8.5,12.5,12.0,28.5,64.0,0.17889630078835658
9,36,72,72,135,8,8,6,8,6,2.5,8.5,12.5,16.5,23.0,63.0,0.17889630078835658
9,36,72,72,132,8,8,6,8,6,2.5,8.5,12.5,16.5,22.5,62.5,0.1716191631291692
9,36,72,72,135,8,8,6,8,8,2.5,8.5,12.5,16.5,30.5,70.5,0.18071558520315342
9,36,72,72,126,8,8,6,8,8,2.5,8.5,12.5,16.5,28.5,68.5,0.15949060036385687
9,36,72,63,135,8,8,6,8,6,2.5,8.5,12.5,14.5,23.0,61.0,0.23893268647665253
9,36,72,63,132,8,8,6,8,6,2.5,8.5,12.5,14.5,22.5,60.5,0.20497271073377804
9,36,72,63,135,8,8,6,8,8,2.5,8.5,12.5,14.5,30.5,68.5,0.2425712553062462
9,36,72,63,126,8,8,6,8,8,2.5,8.5,12.5,14.5,28.5,66.5,0.20679199514857488
9,36,69,72,135,8,8,6,6,6,2.5,8.5,12.0,12.5,23.0,58.5,0.16737416616130987
9,36,69,72,132,8,8,6,6,6,2.5,8.5,12.0,12.5,22.5,58.0,0.15706488781079442
9,36,69,72,135,8,8,6,6,8,2.5,8.5,12.0,12.5,30.5,66.0,0.16737416616130987
9,36,69,72,126,8,8,6,6,8,2.5,8.5,12.0,12.5,28.5,64.0,0.13765918738629473
9,36,69,69,135,8,8,6,6,6,2.5,8.5,12.0,12.0,23.0,58.0,0.1716191631291692
9,36,69,69,132,8,8,6,6,6,2.5,8.5,12.0,12.0,22.5,57.5,0.15888417222559126
9,36,69,69,135,8,8,6,6,8,2.5,8.5,12.0,12.0,30.5,65.5,0.17404487568223165
9,36,69,69,126,8,8,6,6,8,2.5,8.5,12.0,12.0,28.5,63.5,0.16494845360824742
9,36,69,72,135,8,8,6,8,6,2.5,8.5,12.0,16.5,23.0,62.5,0.1564584596725288
9,36,69,72,132,8,8,6,8,6,2.5,8.5,12.0,16.5,22.5,62.0,0.14493632504548212
9,36,69,72,135,8,8,6,8,8,2.5,8.5,12.0,16.5,30.5,70.0,0.15463917525773196
9,36,69,72,126,8,8,6,8,8,2.5,8.5,12.0,16.5,28.5,68.0,0.1328077622801698
9,36,69,63,135,8,8,6,8,6,2.5,8.5,12.0,14.5,23.0,60.5,0.21588841722255914
9,36,69,63,132,8,8,6,8,6,2.5,8.5,12.0,14.5,22.5,60.0,0.18981200727713765
9,36,69,63,135,8,8,6,8,8,2.5,8.5,12.0,14.5,30.5,68.0,0.2189205579138872
9,36,69,63,126,8,8,6,8,8,2.5,8.5,12.0,14.5,28.5,66.0,0.18920557913887204
9,36,72,72,135,8,8,8,6,6,2.5,8.5,16.5,12.5,23.0,63.0,0.18677986658580958
9,36,72,72,132,8,8,8,6,6,2.5,8.5,16.5,12.5,22.5,62.5,0.17647058823529413
9,36,72,72,135,8,8,8,6,8,2.5,8.5,16.5,12.5,30.5,70.5,0.18617343844754397
9,36,72,72,126,8,8,8,6,8,2.5,8.5,16.5,12.5,28.5,68.5,0.16616130988477865
9,36,72,69,135,8,8,8,6,6,2.5,8.5,16.5,12.0,23.0,62.5,0.18859915100060642
9,36,72,69,132,8,8,8,6,6,2.5,8.5,16.5,12.0,22.5,62.0,0.17707701637355974
9,36,72,69,135,8,8,8,6,8,2.5,8.5,16.5,12.0,30.5,70.0,0.18617343844754397
9,36,72,69,126,8,8,8,6,8,2.5,8.5,16.5,12.0,28.5,68.0,0.18071558520315342
9,36,72,72,135,8,8,8,8,6,2.5,8.5,16.5,16.5,23.0,67.0,0.17889630078835658
9,36,72,72,132,8,8,8,8,6,2.5,8.5,16.5,16.5,22.5,66.5,0.16798059429957551
9,36,72,72,135,8,8,8,8,8,2.5,8.5,16.5,16.5,30.5,74.5,0.1801091570648878
9,36,72,72,126,8,8,8,8,8,2.5,8.5,16.5,16.5,28.5,72.5,0.15706488781079442
9,36,72,63,135,8,8,8,8,6,2.5,8.5,16.5,14.5,23.0,65.0,0.23347483323226198
9,36,72,63,132,8,8,8,8,6,2.5,8.5,16.5,14.5,22.5,64.5,0.20921770770163736
9,36,72,63,135,8,8,8,8,8,2.5,8.5,16.5,14.5,30.5,72.5,0.23953911461491814
9,36,72,63,126,8,8,8,8,8,2.5,8.5,16.5,14.5,28.5,70.5,0.20921770770163736
9,36,63,72,135,8,8,8,6,6,2.5,8.5,14.5,12.5,23.0,61.0,0.17343844754396603
9,36,63,72,132,8,8,8,6,6,2.5,8.5,14.5,12.5,22.5,60.5,0.15827774408732564
9,36,63,72,135,8,8,8,6,8,2.5,8.5,14.5,12.5,30.5,68.5,0.17525773195876287
9,36,63,72,126,8,8,8,6,8,2.5,8.5,14.5,12.5,28.5,66.5,0.15949060036385687
9,36,63,69,135,8,8,8,6,6,2.5,8.5,14.5,12.0,23.0,60.5,0.16009702850212248
9,36,63,69,132,8,8,8,6,6,2.5,8.5,14.5,12.0,22.5,60.0,0.14493632504548212
9,36,63,69,135,8,8,8,6,8,2.5,8.5,14.5,12.0,30.5,68.0,0.16312916919345058
9,36,63,69,126,8,8,8,6,8,2.5,8.5,14.5,12.0,28.5,66.0,0.1558520315342632
9,36,63,72,135,8,8,8,8,6,2.5,8.5,14.5,16.5,23.0,65.0,0.17525773195876287
9,36,63,72,132,8,8,8,8,6,2.5,8.5,14.5,16.5,22.5,64.5,0.15767131594906003
9,36,63,72,135,8,8,8,8,8,2.5,8.5,14.5,16.5,30.5,72.5,0.17586416009702852
9,36,63,72,126,8,8,8,8,8,2.5,8.5,14.5,16.5,28.5,70.5,0.15524560339599758
9,36,63,63,135,8,8,8,8,6,2.5,8.5,14.5,14.5,23.0,63.0,0.19648271679805943
9,36,63,63,132,8,8,8,8,6,2.5,8.5,14.5,14.5,22.5,62.5,0.18677986658580958
9,36,63,63,135,8,8,8,8,8,2.5,8.5,14.5,14.5,30.5,70.5,0.1958762886597938
9,36,63,63,126,8,8,8,8,8,2.5,8.5,14.5,14.5,28.5,68.5,0.18253486961795026
9,27,72,72,135,8,8,6,6,6,2.5,6.5,12.5,12.5,23.0,57.0,0.18435415403274713
9,27,72,72,132,8,8,6,6,6,2.5,6.5,12.5,12.5,22.5,56.5,0.16737416616130987
9,27,72,72,135,8,8,6,6,8,2.5,6.5,12.5,12.5,30.5,64.5,0.18556701030927836
9,27,72,72,126,8,8,6,6,8,2.5,6.5,12.5,12.5,28.5,62.5,0.17465130382049726
9,27,72,69,135,8,8,6,6,6,2.5,6.5,12.5,12.0,23.0,56.5,0.17283201940570042
9,27,72,69,132,8,8,6,6,6,2.5,6.5,12.5,12.0,22.5,56.0,0.15827774408732564
9,27,72,69,135,8,8,6,6,8,2.5,6.5,12.5,12.0,30.5,64.0,0.17404487568223165
9,27,72,69,126,8,8,6,6,8,2.5,6.5,12.5,12.0,28.5,62.0,0.16737416616130987
9,27,72,72,135,8,8,6,8,6,2.5,6.5,12.5,16.5,23.0,61.0,0.18192844147968465
9,27,72,72,132,8,8,6,8,6,2.5,6.5,12.5,16.5,22.5,60.5,0.16312916919345058
9,27,72,72,135,8,8,6,8,8,2.5,6.5,12.5,16.5,30.5,68.5,0.18556701030927836
9,27,72,72,126,8,8,6,8,8,2.5,6.5,12.5,16.5,28.5,66.5,0.17101273499090358
9,27,72,63,135,8,8,6,8,6,2.5,6.5,12.5,14.5,23.0,59.0,0.21285627653123104
9,27,72,63,132,8,8,6,8,6,2.5,6.5,12.5,14.5,22.5,58.5,0.19163129169193452
9,27,72,63,135,8,8,6,8,8,2.5,6.5,12.5,14.5,30.5,66.5,0.21406913280776227
9,27,72,63,126,8,8,6,8,8,2.5,6.5,12.5,14.5,28.5,64.5,0.1879927228623408
9,27,69,72,135,8,8,6,6,6,2.5,6.5,12.0,12.5,23.0,56.5,0.17647058823529413
9,27,69,72,132,8,8,6,6,6,2.5,6.5,12.0,12.5,22.5,56.0,0.15342631898120074
9,27,69,72,135,8,8,6,6,8,2.5,6.5,12.0,12.5,30.5,64.0,0.17647058823529413
9,27,69,72,126,8,8,6,6,8,2.5,6.5,12.0,12.5,28.5,62.0,0.16191631291691935
9,27,69,69,135,8,8,6,6,6,2.5,6.5,12.0,12.0,23.0,56.0,0.16312916919345058
9,27,69,69,132,8,8,6,6,6,2.5,6.5,12.0,12.0,22.5,55.5,0.14251061249241964
9,27,69,69,135,8,8,6,6,8,2.5,6.5,12.0,12.0,30.5,63.5,0.16191631291691935
9,27,69,69,126,8,8,6,6,8,2.5,6.5,12.0,12.0,28.5,61.5,0.14978775015160703
9,27,69,72,135,8,8,6,8,6,2.5,6.5,12.0,16.5,23.0,60.5,0.17040630685263797
9,27,69,72,132,8,8,6,8,6,2.5,6.5,12.0,16.5,22.5,60.0,0.14978775015160703
9,27,69,72,135,8,8,6,8,8,2.5,6.5,12.0,16.5,30.5,68.0,0.17586416009702852
9,27,69,72,126,8,8,6,8,8,2.5,6.5,12.0,16.5,28.5,66.0,0.1643420254699818
9,27,69,63,135,8,8,6,8,6,2.5,6.5,12.0,14.5,23.0,58.5,0.20557913887204365
9,27,69,63,132,8,8,6,8,6,2.5,6.5,12.0,14.5,22.5,58.0,0.18556701030927836
9,27,69,63,135,8,8,6,8,8,2.5,6.5,12.0,14.5,30.5,66.0,0.20618556701030927
9,27,69,63,126,8,8,6,8,8,2.5,6.5,12.0,14.5,28.5,64.0,0.18192844147968465
9,27,72,72,135,8,8,8,6,6,2.5,6.5,16.5,12.5,23.0,61.0,0.18192844147968465
9,27,72,72,132,8,8,8,6,6,2.5,6.5,16.5,12.5,22.5,60.5,0.16676773802304426
9,27,72,72,135,8,8,8,6,8,2.5,6.5,16.5,12.5,30.5,68.5,0.18556701030927836
9,27,72,72,126,8,8,8,6,8,2.5,6.5,16.5,12.5,28.5,66.5,0.17283201940570042
9,27,72,69,135,8,8,8,6,6,2.5,6.5,16.5,12.0,23.0,60.5,0.17525773195876287
9,27,72,69,132,8,8,8,6,6,2.5,6.5,16.5,12.0,22.5,60.0,0.16009702850212248
9,27,72,69,135,8,8,8,6,8,2.5,6.5,16.5,12.0,30.5,68.0,0.17647058823529413
9,27,72,69,126,8,8,8,6,8,2.5,6.5,16.5,12.0,28.5,66.0,0.16858702243784113
9,27,72,72,135,8,8,8,8,6,2.5,6.5,16.5,16.5,23.0,65.0,0.1801091570648878
9,27,72,72,132,8,8,8,8,6,2.5,6.5,16.5,16.5,22.5,64.5,0.16009702850212248
9,27,72,72,135,8,8,8,8,8,2.5,6.5,16.5,16.5,30.5,72.5,0.1801091570648878
9,27,72,72,126,8,8,8,8,8,2.5,6.5,16.5,16.5,28.5,70.5,0.16858702243784113
9,27,72,63,135,8,8,8,8,6,2.5,6.5,16.5,14.5,23.0,63.0,0.2110369921164342
9,27,72,63,132,8,8,8,8,6,2.5,6.5,16.5,14.5,22.5,62.5,0.1879927228623408
9,27,72,63,135,8,8,8,8,8,2.5,6.5,16.5,14.5,30.5,70.5,0.21467556094602788
9,27,72,63,126,8,8,8,8,8,2.5,6.5,16.5,14.5,28.5,68.5,0.18374772589448152
9,27,63,72,135,8,8,8,6,6,2.5,6.5,14.5,12.5,23.0,59.0,0.15949060036385687
9,27,63,72,132,8,8,8,6,6,2.5,6.5,14.5,12.5,22.5,58.5,0.1485748938750758
9,27,63,72,135,8,8,8,6,8,2.5,6.5,14.5,12.5,30.5,66.5,0.16009702850212248
9,27,63,72,126,8,8,8,6,8,2.5,6.5,14.5,12.5,28.5,64.5,0.1558520315342632
9,27,63,69,135,8,8,8,6,6,2.5,6.5,14.5,12.0,23.0,58.5,0.15160703456640387
9,27,63,69,132,8,8,8,6,6,2.5,6.5,14.5,12.0,22.5,58.0,0.1400848999393572
9,27,63,69,135,8,8,8,6,8,2.5,6.5,14.5,12.0,30.5,66.0,0.15221346270466948
9,27,63,69,126,8,8,8,6,8,2.5,6.5,14.5,12.0,28.5,64.0,0.14736203759854458
9,27,63,72,135,8,8,8,8,6,2.5,6.5,14.5,16.5,23.0,63.0,0.16009702850212248
9,27,63,72,132,8,8,8,8,6,2.5,6.5,14.5,16.5,22.5,62.5,0.14432989690721648
9,27,63,72,135,8,8,8,8,8,2.5,6.5,14.5,16.5,30.5,70.5,0.15949060036385687
9,27,63,72,126,8,8,8,8,8,2.5,6.5,14.5,16.5,28.5,68.5,0.15221346270466948
9,27,63,63,135,8,8,8,8,6,2.5,6.5,14.5,14.5,23.0,61.0,0.19284414796846575
9,27,63,63,132,8,8,8,8,6,2.5,6.5,14.5,14.5,22.5,60.5,0.17404487568223165
9,27,63,63,135,8,8,8,8,8,2.5,6.5,14.5,14.5,30.5,68.5,0.19163129169193452
9,27,63,63,126,8,8,8,8,8,2.5,6.5,14.5,14.5,28.5,66.5,0.17343844754396603
